Date,EWU,^FTAS,^FTMC,^FTSE,UK_CPI,UK_Ind_Production,UK_GDP,UK_CPI_YoY,UK_Ind_Prod_YoY,UK_GDP_QoQ,UK_GDP_YoY,Is_Holiday
2011-04-01,0.013400370180867816,0.016005351829807335,0.010067304633583518,0.01711009020411325,93.3,90.04739,414040.0,0.03781979977753047,-0.07266815881653998,-0.005956482386242246,0.013316234254121984,False
2011-04-04,0.007162766843004764,0.001706805980886239,0.004944990741643451,0.0011814003180787847,93.3,90.04739,414040.0,0.03781979977753047,-0.07266815881653998,-0.005956482386242246,0.013316234254121984,False
2011-04-05,0.007111449002560777,-0.0017680187383399826,-0.002456054852030043,-0.001645321978352987,93.3,90.04739,414040.0,0.03781979977753047,-0.07266815881653998,-0.005956482386242246,0.013316234254121984,False
2011-04-06,0.008147461672315615,0.005454609831520685,0.003723062830481183,0.0056599689446270585,93.3,90.04739,414040.0,0.03781979977753047,-0.07266815881653998,-0.005956482386242246,0.013316234254121984,False
2011-04-07,-0.004849081741743366,-0.006101509674689032,-0.010355305477698695,-0.005578486495460444,93.3,90.04739,414040.0,0.03781979977753047,-0.07266815881653998,-0.005956482386242246,0.013316234254121984,False
2011-04-08,0.0037900100200176645,0.007615955841769884,0.005729265866983413,0.008056713907936608,93.3,90.04739,414040.0,0.03781979977753047,-0.07266815881653998,-0.005956482386242246,0.013316234254121984,False
2011-04-11,0.00215731692860599,-0.0006754995841822264,-0.003112687775413403,-0.00039629816393405015,93.3,90.04739,414040.0,0.03781979977753047,-0.07266815881653998,-0.005956482386242246,0.013316234254121984,False
2011-04-12,-0.01883711837639901,-0.014313954287674235,-0.012669322862265298,-0.014685945712810011,93.3,90.04739,414040.0,0.03781979977753047,-0.07266815881653998,-0.005956482386242246,0.013316234254121984,False
2011-04-13,0.003839621085467204,0.0074081258213294365,0.006428935141037817,0.007695515524142937,93.3,90.04739,414040.0,0.03781979977753047,-0.07266815881653998,-0.005956482386242246,0.013316234254121984,False
2011-04-14,0.0027324598813125434,-0.006676055604841746,-0.001084695809746572,-0.0077532441124389395,93.3,90.04739,414040.0,0.03781979977753047,-0.07266815881653998,-0.005956482386242246,0.013316234254121984,False
2011-04-15,0.0005447959529980562,0.005485987681408844,0.00654991715395048,0.005399275020464556,93.3,90.04739,414040.0,0.03781979977753047,-0.07266815881653998,-0.005956482386242246,0.013316234254121984,False
2011-04-18,-0.017973833026161845,-0.02015881110746809,-0.016131275042328252,-0.02099731526746995,93.3,90.04739,414040.0,0.03781979977753047,-0.07266815881653998,-0.005956482386242246,0.013316234254121984,False
2011-04-19,0.004436965250868452,0.004820166995514796,0.007284105261180951,0.0045654766088572,93.3,90.04739,414040.0,0.03781979977753047,-0.07266815881653998,-0.005956482386242246,0.013316234254121984,False
2011-04-20,0.025400352032780793,0.02026262961268066,0.01569831917685427,0.021265394431048357,93.3,90.04739,414040.0,0.03781979977753047,-0.07266815881653998,-0.005956482386242246,0.013316234254121984,False
2011-04-21,0.008077635673288563,3.2038015527202646e-06,0.004618822730592109,-0.0006641980854036333,93.3,90.04739,414040.0,0.03781979977753047,-0.07266815881653998,-0.005956482386242246,0.013316234254121984,False
2011-04-25,-0.003205090398662347,0.0,0.0,0.0,93.3,90.04739,414040.0,0.03781979977753047,-0.07266815881653998,-0.005956482386242246,0.013316234254121984,False
2011-04-26,0.00857414289079439,0.007876794377080554,0.00498712083527364,0.008490786320822563,93.3,90.04739,414040.0,0.03781979977753047,-0.07266815881653998,-0.005956482386242246,0.013316234254121984,False
2011-04-27,0.013815542705536421,0.00018103385449363962,0.002156773597023376,-0.00019766485164152137,93.3,90.04739,414040.0,0.03781979977753047,-0.07266815881653998,-0.005956482386242246,0.013316234254121984,False
2011-04-28,-0.0015726699367785146,0.00174629228768719,0.009995829392601907,0.00028010068497130725,93.3,90.04739,414040.0,0.03781979977753047,-0.07266815881653998,-0.005956482386242246,0.013316234254121984,False
2011-04-29,0.0031495697912247156,0.0,0.0,0.0,93.3,90.04739,414040.0,0.03781979977753047,-0.07266815881653998,-0.005956482386242246,0.013316234254121984,True
2011-05-02,-0.001046620563846301,0.0,0.0,0.0,93.3,90.04739,414040.0,0.03781979977753047,-0.07266815881653998,-0.005956482386242246,0.013316234254121984,True
2011-05-03,-0.018334055668353888,0.0018446950759045677,7.486445144833098e-05,0.0021417157134635545,93.3,90.04739,414040.0,0.03781979977753047,-0.07266815881653998,-0.005956482386242246,0.013316234254121984,False
2011-05-04,-0.005336055704275422,-0.015059270824499094,-0.00879749950317621,-0.01624222102511208,93.3,90.04739,414040.0,0.03781979977753047,-0.07266815881653998,-0.005956482386242246,0.013316234254121984,False
2011-05-05,-0.023605026286626862,-0.009902859752670023,-0.005323611032070907,-0.01071173553419602,93.3,90.04739,414040.0,0.03781979977753047,-0.07266815881653998,-0.005956482386242246,0.013316234254121984,False
2011-05-06,0.001648332014067444,0.008827467258565092,0.005191757260945673,0.00959456160261829,93.3,90.04739,414040.0,0.03781979977753047,-0.07266815881653998,-0.005956482386242246,0.013316234254121984,False
2011-05-09,0.006033622684150197,-0.004981297073324065,-0.0009322582769599741,-0.005705329020432637,93.3,90.04739,414040.0,0.03781979977753047,-0.07266815881653998,-0.005956482386242246,0.013316234254121984,False
2011-05-10,0.012541094808690145,0.012795183561541412,0.013374180711476003,0.01282240471955065,93.3,90.04739,414040.0,0.03781979977753047,-0.07266815881653998,-0.005956482386242246,0.013316234254121984,False
2011-05-11,-0.011846864555982717,-0.006551307682802987,-0.003094084219522397,-0.0071275321138078995,93.3,90.04739,414040.0,0.03781979977753047,-0.07266815881653998,-0.005956482386242246,0.013316234254121984,False
2011-05-12,-0.002725013890181538,-0.005004443732729236,-0.0042270928863438195,-0.005187416331994599,93.3,90.04739,414040.0,0.03781979977753047,-0.07266815881653998,-0.005956482386242246,0.013316234254121984,False
2011-05-13,-0.011475369965226356,-0.0022921137478589815,0.002682403170802816,-0.0032128002785954957,93.3,90.04739,414040.0,0.03781979977753047,-0.07266815881653998,-0.005956482386242246,0.013316234254121984,False
2011-05-16,-0.0038693368571715014,-0.000996621314709123,-0.004633690998773421,-0.0003712021916502106,93.3,90.04739,414040.0,0.03781979977753047,-0.07266815881653998,-0.005956482386242246,0.013316234254121984,False
2011-05-17,0.0027744382913650334,-0.01033863734381224,-0.009008976597854157,-0.010584633463070148,93.3,90.04739,414040.0,0.03781979977753047,-0.07266815881653998,-0.005956482386242246,0.013316234254121984,False
2011-05-18,0.006641145487808364,0.00969716533457543,0.0043511321392362134,0.010663709264630672,93.3,90.04739,414040.0,0.03781979977753047,-0.07266815881653998,-0.005956482386242246,0.013316234254121984,False
2011-05-19,0.006596857456988792,0.005782567607840461,0.008328075709779226,0.005486621085506904,93.3,90.04739,414040.0,0.03781979977753047,-0.07266815881653998,-0.005956482386242246,0.013316234254121984,False
2011-05-20,-0.004369114160761356,-0.0009732611258026491,0.00047555127122178575,-0.0012592343854935795,93.3,90.04739,414040.0,0.03781979977753047,-0.07266815881653998,-0.005956482386242246,0.013316234254121984,False
2011-05-23,-0.025781718937086917,-0.018487294759423456,-0.01638565040607043,-0.018929158217407704,93.3,90.04739,414040.0,0.03781979977753047,-0.07266815881653998,-0.005956482386242246,0.013316234254121984,False
2011-05-24,0.004504515880618509,0.004108247507469187,0.005349373782836064,0.0038554465252160774,93.3,90.04739,414040.0,0.03781979977753047,-0.07266815881653998,-0.005956482386242246,0.013316234254121984,False
2011-05-25,0.011771644315031082,0.0012307080067142095,-0.0028333060620282513,0.0019971656949910876,93.3,90.04739,414040.0,0.03781979977753047,-0.07266815881653998,-0.005956482386242246,0.013316234254121984,False
2011-05-26,0.012187962069789782,0.0018764761356866444,0.0013361130827842516,0.0018568511886367656,93.3,90.04739,414040.0,0.03781979977753047,-0.07266815881653998,-0.005956482386242246,0.013316234254121984,False
2011-05-27,0.009852100464230906,0.009776029294390254,0.00994846758614143,0.009845247805432722,93.3,90.04739,414040.0,0.03781979977753047,-0.07266815881653998,-0.005956482386242246,0.013316234254121984,False
2011-05-31,0.011382261295608487,0.008547075301738039,0.008529284013937488,0.008604303574148986,93.3,90.04739,414040.0,0.03781979977753047,-0.07266815881653998,-0.005956482386242246,0.013316234254121984,False
2011-06-01,-0.027331236084028543,-0.009141105028722452,-0.004228575287368419,-0.010250401059056724,93.5,91.10058,414040.0,0.03658536585365857,-0.04840486093846952,0.0,-0.005956482386242246,False
2011-06-02,0.0016526829865468606,-0.012145375037775241,-0.0038968013995731576,-0.013612015312755354,93.5,91.10058,414040.0,0.03658536585365857,-0.04840486093846952,0.0,-0.005956482386242246,False
2011-06-03,0.002200321071518685,0.0011784357603867868,0.0008108497293739525,0.0012141277680564055,93.5,91.10058,414040.0,0.03658536585365857,-0.04840486093846952,0.0,-0.005956482386242246,False
2011-06-06,-0.008232709851206943,0.0013600795150425782,0.0020212813248239314,0.0014005457408197142,93.5,91.10058,414040.0,0.03658536585365857,-0.04840486093846952,0.0,-0.005956482386242246,False
2011-06-07,0.008854669714136953,0.00042120423758240655,0.0009918740403811466,0.00025583298370057683,93.5,91.10058,414040.0,0.03658536585365857,-0.04840486093846952,0.0,-0.005956482386242246,False
2011-06-08,-0.010971048925809801,-0.009631109840133267,-0.011483197014298896,-0.009514602811811157,93.5,91.10058,414040.0,0.03658536585365857,-0.04840486093846952,0.0,-0.005956482386242246,False
2011-06-09,0.01164721318339268,0.007421278945699106,0.0034284862487887757,0.008159875904321545,93.5,91.10058,414040.0,0.03658536585365857,-0.04840486093846952,0.0,-0.005956482386242246,False
2011-06-10,-0.02796029298103775,-0.014530369673739107,-0.010544310881315022,-0.015453443815762635,93.5,91.10058,414040.0,0.03658536585365857,-0.04840486093846952,0.0,-0.005956482386242246,False
2011-06-13,0.005639928259606686,0.001028955990149516,-0.0005515017817749879,0.0013354947402508532,93.5,91.10058,414040.0,0.03658536585365857,-0.04840486093846952,0.0,-0.005956482386242246,False
2011-06-14,0.011217079489894033,0.005388431339071298,0.006952790069612469,0.005126889695375336,93.5,91.10058,414040.0,0.03658536585365857,-0.04840486093846952,0.0,-0.005956482386242246,False
2011-06-15,-0.028286143833911925,-0.009937394863285154,-0.008262093578550567,-0.010425462077491066,93.5,91.10058,414040.0,0.03658536585365857,-0.04840486093846952,0.0,-0.005956482386242246,False
2011-06-16,-0.00970334426952657,-0.008118392877025205,-0.011178740469022896,-0.0076272580754188635,93.5,91.10058,414040.0,0.03658536585365857,-0.04840486093846952,0.0,-0.005956482386242246,False
2011-06-17,0.008069136413288103,0.0027204632577157994,0.0025704668247157336,0.002825173406338477,93.5,91.10058,414040.0,0.03658536585365857,-0.04840486093846952,0.0,-0.005956482386242246,False
2011-06-20,0.00171544317061878,-0.0047930741084947215,-0.010633007089536739,-0.0037620956390124194,93.5,91.10058,414040.0,0.03658536585365857,-0.04840486093846952,0.0,-0.005956482386242246,False
2011-06-21,0.01826488694234274,0.01362384319638954,0.010149299512886678,0.014385060552313478,93.5,91.10058,414040.0,0.03658536585365857,-0.04840486093846952,0.0,-0.005956482386242246,False
2011-06-22,-0.014084489336815498,-0.000514668873525248,-0.0016044920750710734,-0.0003982139049532041,93.5,91.10058,414040.0,0.03658536585365857,-0.04840486093846952,0.0,-0.005956482386242246,False
2011-06-23,-0.010989411932827098,-0.016719819999419294,-0.015683814040387323,-0.017079524970769144,93.5,91.10058,414040.0,0.03658536585365857,-0.04840486093846952,0.0,-0.005956482386242246,False
2011-06-24,-0.0076021864244375514,0.00446641740600362,0.006513144931585613,0.004106212704382273,93.5,91.10058,414040.0,0.03658536585365857,-0.04840486093846952,0.0,-0.005956482386242246,False
2011-06-27,0.0076604223834868534,0.0037839545872895286,0.0018042387030083873,0.004317462929207538,93.5,91.10058,414040.0,0.03658536585365857,-0.04840486093846952,0.0,-0.005956482386242246,False
2011-06-28,0.010526615387758342,0.007211005139475368,0.004961493379404658,0.007794086150417323,93.5,91.10058,414040.0,0.03658536585365857,-0.04840486093846952,0.0,-0.005956482386242246,False
2011-06-29,0.015624998466607698,0.015370011700815756,0.016611507288963878,0.01545025909328479,93.5,91.10058,414040.0,0.03658536585365857,-0.04840486093846952,0.0,-0.005956482386242246,False
2011-06-30,0.014814802646931247,0.0146360384529578,0.011424486614020957,0.015317656303364124,93.5,91.10058,414040.0,0.03658536585365857,-0.04840486093846952,0.0,-0.005956482386242246,False
2011-07-01,0.010106585567434268,0.007624230684479372,0.008907307247151053,0.00741705903869283,93.5,90.78462,418119.0,0.03888888888888897,-0.04328529102279899,0.009851705149261036,0.0038365412548226896,False
2011-07-04,0.0,0.004682153142602452,0.00514937343801547,0.004624561123198534,93.5,90.78462,418119.0,0.03888888888888897,-0.04328529102279899,0.009851705149261036,0.0038365412548226896,False
2011-07-05,0.0,0.0014194693534954617,0.0035613550013697814,0.0010801828001660851,93.5,90.78462,418119.0,0.03888888888888897,-0.04328529102279899,0.009851705149261036,0.0038365412548226896,False
2011-07-06,-0.002779185715458654,-0.0030514954536302596,-0.0011280151227517354,-0.003502672253693606,93.5,90.78462,418119.0,0.03888888888888897,-0.04328529102279899,0.009851705149261036,0.0038365412548226896,False
2011-07-07,0.005016816302455318,0.007760866828261603,0.002975643050340926,0.008612536632888856,93.5,90.78462,418119.0,0.03888888888888897,-0.04328529102279899,0.009851705149261036,0.0038365412548226896,False
2011-07-08,-0.004991773491823337,-0.010040951471121162,-0.007684215840235931,-0.010570475170568971,93.5,90.78462,418119.0,0.03888888888888897,-0.04328529102279899,0.009851705149261036,0.0038365412548226896,False
2011-07-11,-0.02564112743902558,-0.010936963548068057,-0.016083764562240477,-0.010249374243453846,93.5,90.78462,418119.0,0.03888888888888897,-0.04328529102279899,0.009851705149261036,0.0038365412548226896,False
2011-07-12,-0.010297482615527986,-0.009901977098871528,-0.008594171154459818,-0.010153172996265614,93.5,90.78462,418119.0,0.03888888888888897,-0.04328529102279899,0.009851705149261036,0.0038365412548226896,False
2011-07-13,0.014450942977868753,0.006164796401630479,0.005535761191416189,0.00637244885734356,93.5,90.78462,418119.0,0.03888888888888897,-0.04328529102279899,0.009851705149261036,0.0038365412548226896,False
2011-07-14,-0.005128301259991197,-0.009455424884670882,-0.006467895895892917,-0.010056871076436824,93.5,90.78462,418119.0,0.03888888888888897,-0.04328529102279899,0.009851705149261036,0.0038365412548226896,False
2011-07-15,0.0022911881622009744,-0.0006398611292255385,-0.0016827125375902252,-0.0005643585920129812,93.5,90.78462,418119.0,0.03888888888888897,-0.04328529102279899,0.009851705149261036,0.0038365412548226896,False
2011-07-18,-0.012000029458625994,-0.01585942869117085,-0.0186433755270613,-0.015555279632229468,93.5,90.78462,418119.0,0.03888888888888897,-0.04328529102279899,0.009851705149261036,0.0038365412548226896,False
2011-07-19,0.010988823450774454,0.0063793052327636435,0.005603895542255266,0.006466450524175826,93.5,90.78462,418119.0,0.03888888888888897,-0.04328529102279899,0.009851705149261036,0.0038365412548226896,False
2011-07-20,0.010869672776689931,0.010516080760910151,0.009411304449355562,0.011018964540155496,93.5,90.78462,418119.0,0.03888888888888897,-0.04328529102279899,0.009851705149261036,0.0038365412548226896,False
2011-07-21,0.0198076662478488,0.0066632956376679875,0.00044440416292790275,0.007875243293994139,93.5,90.78462,418119.0,0.03888888888888897,-0.04328529102279899,0.009851705149261036,0.0038365412548226896,False
2011-07-22,0.003329507567900958,0.006518139755377295,0.00970381127727915,0.005949270027836739,93.5,90.78462,418119.0,0.03888888888888897,-0.04328529102279899,0.009851705149261036,0.0038365412548226896,False
2011-07-25,-0.006084091132492975,-0.0018003271640467666,-0.0028848345590589686,-0.0016344052759056371,93.5,90.78462,418119.0,0.03888888888888897,-0.04328529102279899,0.009851705149261036,0.0038365412548226896,False
2011-07-26,0.010016976967379465,0.0007589995176267017,0.00022909803564807873,0.0007426443842586394,93.5,90.78462,418119.0,0.03888888888888897,-0.04328529102279899,0.009851705149261036,0.0038365412548226896,False
2011-07-27,-0.023140830527774048,-0.01204156169161763,-0.01175687140827153,-0.012327789812044188,93.5,90.78462,418119.0,0.03888888888888897,-0.04328529102279899,0.009851705149261036,0.0038365412548226896,False
2011-07-28,0.0022560100329176436,0.0019520901285563497,-0.0029784808884092406,0.0028344256700902903,93.5,90.78462,418119.0,0.03888888888888897,-0.04328529102279899,0.009851705149261036,0.0038365412548226896,False
2011-07-29,-0.0016880796421641087,-0.009142262916324362,-0.005466786230195919,-0.009875365741200293,93.5,90.78462,418119.0,0.03888888888888897,-0.04328529102279899,0.009851705149261036,0.0038365412548226896,False
2011-08-01,-0.006200601429182995,-0.007141429099078667,-0.009444136829158012,-0.007016145893246839,93.9,90.78462,418119.0,0.03871681415929196,-0.04222226043666666,0.0,0.009851705149261036,False
2011-08-02,-0.024957443654744838,-0.01138325067895396,-0.0222319663222057,-0.009697977443036132,93.9,90.78462,418119.0,0.03871681415929196,-0.04222226043666666,0.0,0.009851705149261036,False
2011-08-03,0.002908426109581086,-0.022621276707671667,-0.017339077880438758,-0.023415624061001727,93.9,90.78462,418119.0,0.03871681415929196,-0.04222226043666666,0.0,0.009851705149261036,False
2011-08-04,-0.07018516981112777,-0.03462256859732382,-0.03856438752334912,-0.034273417914540194,93.9,90.78462,418119.0,0.03871681415929196,-0.04222226043666666,0.0,0.009851705149261036,False
2011-08-05,0.009981045661263233,-0.02687950368152292,-0.024360018306967657,-0.02709018839085564,93.9,90.78462,418119.0,0.03871681415929196,-0.04222226043666666,0.0,0.009851705149261036,False
2011-08-08,-0.07782601249703447,-0.035058142725380326,-0.04374044918221609,-0.03392414713169434,93.9,90.78462,418119.0,0.03871681415929196,-0.04222226043666666,0.0,0.009851705149261036,False
2011-08-09,0.07099842061413741,0.019011475277975753,0.023169742445751318,0.018918899653531218,93.9,90.78462,418119.0,0.03871681415929196,-0.04222226043666666,0.0,0.009851705149261036,False
2011-08-10,-0.06128848168266654,-0.028330180518023163,-0.019771071800208095,-0.030532964822742925,93.9,90.78462,418119.0,0.03871681415929196,-0.04222226043666666,0.0,0.009851705149261036,False
2011-08-11,0.05729496187649352,0.029946704945158942,0.02514409011348695,0.031075172412851515,93.9,90.78462,418119.0,0.03871681415929196,-0.04222226043666666,0.0,0.009851705149261036,False
2011-08-12,0.020163996630607306,0.029865984927045508,0.028837086741250406,0.03044863276894283,93.9,90.78462,418119.0,0.03871681415929196,-0.04222226043666666,0.0,0.009851705149261036,False
2011-08-15,0.021000590233752447,0.006346325793251006,0.009557059369228238,0.0057518980556861,93.9,90.78462,418119.0,0.03871681415929196,-0.04222226043666666,0.0,0.009851705149261036,False
2011-08-16,-0.010284523540714186,-0.0003739331712956373,-0.011308571334786577,0.0013082644698239054,93.9,90.78462,418119.0,0.03871681415929196,-0.04222226043666666,0.0,0.009851705149261036,False
2011-08-17,0.006112481095766675,-0.0047584550607430165,-0.004158364677299797,-0.004852919129103017,93.9,90.78462,418119.0,0.03871681415929196,-0.04222226043666666,0.0,0.009851705149261036,False
2011-08-18,-0.045564731860685215,-0.04483790308065316,-0.04910604047779554,-0.04490207404133506,93.9,90.78462,418119.0,0.03871681415929196,-0.04222226043666666,0.0,0.009851705149261036,False
2011-08-19,-0.01973280483677975,-0.010090738126778853,-0.010253400938610047,-0.010093945377936064,93.9,90.78462,418119.0,0.03871681415929196,-0.04222226043666666,0.0,0.009851705149261036,False
2011-08-22,0.01363639867374511,0.01042296437587198,0.00980625253794587,0.010811776327502631,93.9,90.78462,418119.0,0.03871681415929196,-0.04222226043666666,0.0,0.009851705149261036,False
2011-08-23,0.030749550925606606,0.006615949222342765,0.006829139710731402,0.00669246147692415,93.9,90.78462,418119.0,0.03871681415929196,-0.04222226043666666,0.0,0.009851705149261036,False
2011-08-24,0.0006211994482350214,0.014264762520933782,0.012043821842615765,0.014914025316108637,93.9,90.78462,418119.0,0.03871681415929196,-0.04222226043666666,0.0,0.009851705149261036,False
2011-08-25,-0.03229790635970753,-0.012530313377685953,-0.0020115538893964446,-0.014368275627778426,93.9,90.78462,418119.0,0.03871681415929196,-0.04222226043666666,0.0,0.009851705149261036,False
2011-08-26,0.01219513257027005,-0.0006415785984622557,-0.0024248887683135933,-0.00023390604152284666,93.9,90.78462,418119.0,0.03871681415929196,-0.04222226043666666,0.0,0.009851705149261036,False
2011-08-29,0.025998680559326637,0.0,0.0,0.0,93.9,90.78462,418119.0,0.03871681415929196,-0.04222226043666666,0.0,0.009851705149261036,False
2011-08-30,-0.0043264099664118705,0.02641602028411283,0.02461719854293687,0.027057115267558052,93.9,90.78462,418119.0,0.03871681415929196,-0.04222226043666666,0.0,0.009851705149261036,False
2011-08-31,0.016759671271914023,0.024368251760379378,0.027598815792145626,0.023876819713412933,93.9,90.78462,418119.0,0.03871681415929196,-0.04222226043666666,0.0,0.009851705149261036,False
2011-09-01,-0.006104707652460073,0.004320676453237304,0.004835635164079033,0.004486086812957701,94.5,91.10058,418119.0,0.04535398230088483,-0.030269038486471556,0.0,0.009851705149261036,False
2011-09-02,-0.017198921223728347,-0.022388533226693985,-0.018512197290594834,-0.02338202719207516,94.5,91.10058,418119.0,0.04535398230088483,-0.030269038486471556,0.0,0.009851705149261036,False
2011-09-05,0.0,-0.034331732892934785,-0.02860036515027453,-0.03578985305059523,94.5,91.10058,418119.0,0.04535398230088483,-0.030269038486471556,0.0,0.009851705149261036,False
2011-09-06,-0.023750228536755347,0.008665887019724261,-0.0012791835227914383,0.010621978206002414,94.5,91.10058,418119.0,0.04535398230088483,-0.030269038486471556,0.0,0.009851705149261036,False
2011-09-07,0.028169000322551208,0.030012091034257393,0.024833148435615904,0.03137610516151401,94.5,91.10058,418119.0,0.04535398230088483,-0.030269038486471556,0.0,0.009851705149261036,False
2011-09-08,-0.012453323005016448,0.004041914630826593,0.0042436326350687725,0.004098786200734672,94.5,91.10058,418119.0,0.04535398230088483,-0.030269038486471556,0.0,0.009851705149261036,False
2011-09-09,-0.026481464888511774,-0.022835748446080162,-0.020617189106095446,-0.023537508300845444,94.5,91.10058,418119.0,0.04535398230088483,-0.030269038486471556,0.0,0.009851705149261036,False
2011-09-12,0.0006474607511928188,-0.016412129698978317,-0.01651009510887602,-0.016319269463035746,94.5,91.10058,418119.0,0.04535398230088483,-0.030269038486471556,0.0,0.009851705149261036,False
2011-09-13,0.0006471515781345527,0.007858398424872126,0.002734410266788556,0.008714072477438162,94.5,91.10058,418119.0,0.04535398230088483,-0.030269038486471556,0.0,0.009851705149261036,False
2011-09-14,0.01681769170270897,0.009888085115405065,0.009669345529171425,0.010184990685069728,94.5,91.10058,418119.0,0.04535398230088483,-0.030269038486471556,0.0,0.009851705149261036,False
2011-09-15,0.01844775191992154,0.020999683016172277,0.021389132301949054,0.021140233403481812,94.5,91.10058,418119.0,0.04535398230088483,-0.030269038486471556,0.0,0.009851705149261036,False
2011-09-16,0.000624515473546694,0.006213696076925901,0.01008326051435704,0.005789208870023321,94.5,91.10058,418119.0,0.04535398230088483,-0.030269038486471556,0.0,0.009851705149261036,False
2011-09-19,-0.02746544734918599,-0.019937852081639562,-0.019102068581502762,-0.02026671013089021,94.5,91.10058,418119.0,0.04535398230088483,-0.030269038486471556,0.0,0.009851705149261036,False
2011-09-20,0.010269442104875903,0.017924288706557157,0.007781758664092253,0.019792397848391152,94.5,91.10058,418119.0,0.04535398230088483,-0.030269038486471556,0.0,0.009851705149261036,False
2011-09-21,-0.03684841025402341,-0.012560136238035757,-0.0041324341801245446,-0.014038870598054198,94.5,91.10058,418119.0,0.04535398230088483,-0.030269038486471556,0.0,0.009851705149261036,False
2011-09-22,-0.037599079251879886,-0.044898703054364275,-0.03679136911284819,-0.04666814334107405,94.5,91.10058,418119.0,0.04535398230088483,-0.030269038486471556,0.0,0.009851705149261036,False
2011-09-23,0.008224499547454966,0.0030277892719816624,-0.007362216571648594,0.004998354995066956,94.5,91.10058,418119.0,0.04535398230088483,-0.030269038486471556,0.0,0.009851705149261036,False
2011-09-26,0.02379367242838426,0.0039893644209956225,0.0024145683166929555,0.004460428382297987,94.5,91.10058,418119.0,0.04535398230088483,-0.030269038486471556,0.0,0.009851705149261036,False
2011-09-27,0.023240240624715414,0.038320986804079915,0.029260448852301835,0.04022089032898202,94.5,91.10058,418119.0,0.04535398230088483,-0.030269038486471556,0.0,0.009851705149261036,False
2011-09-28,-0.02206367769192108,-0.013470780427491502,-0.008728996205455086,-0.014450047900278151,94.5,91.10058,418119.0,0.04535398230088483,-0.030269038486471556,0.0,0.009851705149261036,False
2011-09-29,0.011944259522076672,-0.004145612153064193,-0.005299510322794743,-0.0039865632818608665,94.5,91.10058,418119.0,0.04535398230088483,-0.030269038486471556,0.0,0.009851705149261036,False
2011-09-30,-0.03147544534734403,-0.013403034217110976,-0.01663408035401337,-0.013142666112689882,94.5,91.10058,418119.0,0.04535398230088483,-0.030269038486471556,0.0,0.009851705149261036,False
2011-10-03,-0.019634534120271607,-0.009783818386842169,-0.007006617360840739,-0.01033440577166811,94.5,91.10058,418119.0,0.04535398230088483,-0.030269038486471556,0.0,0.009851705149261036,False
2011-10-04,0.013122030137161511,-0.026856482097706635,-0.03330043605090793,-0.02582998673160275,94.5,91.10058,418119.0,0.04535398230088483,-0.030269038486471556,0.0,0.009851705149261036,False
2011-10-05,0.019086346264752585,0.02913810483341761,0.015054202588819399,0.03191495350000895,94.5,91.10058,418119.0,0.04535398230088483,-0.030269038486471556,0.0,0.009851705149261036,False
2011-10-06,0.03411355683229633,0.036097029652648605,0.03352910922428909,0.037062365672897224,94.5,91.10058,418119.0,0.04535398230088483,-0.030269038486471556,0.0,0.009851705149261036,False
2011-10-07,0.0012937951580580531,0.0027901835666870323,0.0070182223334438465,0.002286791167178004,94.5,91.10058,418119.0,0.04535398230088483,-0.030269038486471556,0.0,0.009851705149261036,False
2011-10-10,0.034237600627055054,0.0179123761724862,0.018357080205613663,0.018026190635558326,94.5,91.10058,418119.0,0.04535398230088483,-0.030269038486471556,0.0,0.009851705149261036,False
2011-10-11,-0.007495138979584537,-0.000294567961581782,0.0014101259232914831,-0.0006111881251157358,94.5,91.10058,418119.0,0.04535398230088483,-0.030269038486471556,0.0,0.009851705149261036,False
2011-10-12,0.01384501734122301,0.009478514589138731,0.016238185440620168,0.008543767760679,94.5,91.10058,418119.0,0.04535398230088483,-0.030269038486471556,0.0,0.009851705149261036,False
2011-10-13,0.0024829766414087295,-0.0072574902229655125,-0.00867248062015502,-0.007056470969526107,94.5,91.10058,418119.0,0.04535398230088483,-0.030269038486471556,0.0,0.009851705149261036,False
2011-10-14,0.016099058789038834,0.01143727016678553,0.010556668784516887,0.011659325820521538,94.5,91.10058,418119.0,0.04535398230088483,-0.030269038486471556,0.0,0.009851705149261036,False
2011-10-17,-0.020109550734514925,-0.005629174606965992,-0.008521507895245972,-0.005433138365620871,94.5,91.10058,418119.0,0.04535398230088483,-0.030269038486471556,0.0,0.009851705149261036,False
2011-10-18,0.011816035499782274,-0.005251030575890936,-0.006975337281984961,-0.004837547045802859,94.5,91.10058,418119.0,0.04535398230088483,-0.030269038486471556,0.0,0.009851705149261036,False
2011-10-19,-0.013522070166884448,0.007031216575276833,0.005196967455465273,0.00741166981739716,94.5,91.10058,418119.0,0.04535398230088483,-0.030269038486471556,0.0,0.009851705149261036,False
2011-10-20,0.007476670469999114,-0.012035397153683736,-0.011796575149682242,-0.012072251112283272,94.5,91.10058,418119.0,0.04535398230088483,-0.030269038486471556,0.0,0.009851705149261036,False
2011-10-21,0.023500435750639426,0.01858639162434872,0.015270385674159614,0.019313981508298994,94.5,91.10058,418119.0,0.04535398230088483,-0.030269038486471556,0.0,0.009851705149261036,False
2011-10-24,0.013897130270828395,0.01188185024819588,0.01983338457698114,0.010822216595921752,94.5,91.10058,418119.0,0.04535398230088483,-0.030269038486471556,0.0,0.009851705149261036,False
2011-10-25,-0.012514729691217141,-0.004008475125074518,-0.003887556740176046,-0.004073484122212756,94.5,91.10058,418119.0,0.04535398230088483,-0.030269038486471556,0.0,0.009851705149261036,False
2011-10-26,0.016294504626734208,0.004263269186553176,-0.0005753519020418318,0.005013156332006163,94.5,91.10058,418119.0,0.04535398230088483,-0.030269038486471556,0.0,0.009851705149261036,False
2011-10-27,0.03919242428499348,0.028873764277561387,0.029829924241075556,0.028920190831687176,94.5,91.10058,418119.0,0.04535398230088483,-0.030269038486471556,0.0,0.009851705149261036,False
2011-10-28,-0.008571588046697332,-0.0011545640016130676,0.0037080679205585554,-0.002030104268876176,94.5,91.10058,418119.0,0.04535398230088483,-0.030269038486471556,0.0,0.009851705149261036,False
2011-10-31,-0.038616559719905075,-0.027364981237191666,-0.02723444734579239,-0.02770860274774012,94.5,91.10058,418119.0,0.04535398230088483,-0.030269038486471556,0.0,0.009851705149261036,False
2011-11-01,-0.025179917919994632,-0.02282532048970809,-0.029781442228385524,-0.02211321621465001,94.7,91.20589,418119.0,0.04180418041804179,-0.02696633456924824,0.0,0.007524173740011797,False
2011-11-02,0.014145301226708318,0.010999584825756914,0.008271429754172832,0.011527962017526594,94.7,91.20589,418119.0,0.04180418041804179,-0.02696633456924824,0.0,0.007524173740011797,False
2011-11-03,0.025469836249031097,0.011361054737648368,0.015119443316423897,0.01121423732332727,94.7,91.20589,418119.0,0.04180418041804179,-0.02696633456924824,0.0,0.007524173740011797,False
2011-11-04,-0.004139539319556351,-0.002984176408650119,-0.0018161751823612127,-0.003317928090690536,94.7,91.20589,418119.0,0.04180418041804179,-0.02696633456924824,0.0,0.007524173740011797,False
2011-11-07,-0.0005939359920679177,-0.0036492295266684627,-0.008240398446682895,-0.0029672148728950853,94.7,91.20589,418119.0,0.04180418041804179,-0.02696633456924824,0.0,0.007524173740011797,False
2011-11-08,0.0196079083356131,0.01022720247733755,0.01136646610966463,0.010252595267921105,94.7,91.20589,418119.0,0.04180418041804179,-0.02696633456924824,0.0,0.007524173740011797,False
2011-11-09,-0.05652677525577221,-0.018420615210912428,-0.01443469492977223,-0.019201391355598174,94.7,91.20589,418119.0,0.04180418041804179,-0.02696633456924824,0.0,0.007524173740011797,False
2011-11-10,0.014823822818845311,-0.0035869906579915067,-0.007936584921439671,-0.002856951493525939,94.7,91.20589,418119.0,0.04180418041804179,-0.02696633456924824,0.0,0.007524173740011797,False
2011-11-11,0.021911136905487405,0.01833123515177948,0.01981854117055204,0.01847636300046185,94.7,91.20589,418119.0,0.04180418041804179,-0.02696633456924824,0.0,0.007524173740011797,False
2011-11-14,-0.01548529488852346,-0.004431159747859237,-0.0039944944106122815,-0.004760685037808021,94.7,91.20589,418119.0,0.04180418041804179,-0.02696633456924824,0.0,0.007524173740011797,False
2011-11-15,0.0012099439459662964,-0.0014062916961754546,-0.008475250484916819,-0.00028992528651028415,94.7,91.20589,418119.0,0.04180418041804179,-0.02696633456924824,0.0,0.007524173740011797,False
2011-11-16,-0.019335605546802137,-0.0011653658228408803,0.0015107065808441789,-0.0015224385566436904,94.7,91.20589,418119.0,0.04180418041804179,-0.02696633456924824,0.0,0.007524173740011797,False
2011-11-17,-0.015403238024585542,-0.014941624571008116,-0.012193916603482902,-0.015592648818978039,94.7,91.20589,418119.0,0.04180418041804179,-0.02696633456924824,0.0,0.007524173740011797,False
2011-11-18,-0.0006258999699784162,-0.010902926173985361,-0.010433131641451099,-0.01110069779802092,94.7,91.20589,418119.0,0.04180418041804179,-0.02696633456924824,0.0,0.007524173740011797,False
2011-11-21,-0.029430200673587703,-0.026105265426392688,-0.027527775601027704,-0.026161182800779947,94.7,91.20589,418119.0,0.04180418041804179,-0.02696633456924824,0.0,0.007524173740011797,False
2011-11-22,-0.004515994708637505,-0.0034583784327925082,-0.006634054265356126,-0.0030253691022295026,94.7,91.20589,418119.0,0.04180418041804179,-0.02696633456924824,0.0,0.007524173740011797,False
2011-11-23,-0.025275467303637278,-0.013076310054010443,-0.013840917860694857,-0.012867788759552856,94.7,91.20589,418119.0,0.04180418041804179,-0.02696633456924824,0.0,0.007524173740011797,False
2011-11-24,0.0,-0.0015447129957003591,0.003459220237974403,-0.0023735763054669734,94.7,91.20589,418119.0,0.04180418041804179,-0.02696633456924824,0.0,0.007524173740011797,False
2011-11-25,-0.002659511194312958,0.006669017982207315,0.0039991473042140235,0.0072353726791618556,94.7,91.20589,418119.0,0.04180418041804179,-0.02696633456924824,0.0,0.007524173740011797,False
2011-11-28,0.03666655512012196,0.028171703014799876,0.02782073179737532,0.028675354575163015,94.7,91.20589,418119.0,0.04180418041804179,-0.02696633456924824,0.0,0.007524173740011797,False
2011-11-29,0.008360175465535136,0.005537030873709714,0.01242363721804507,0.004555073822120725,94.7,91.20589,418119.0,0.04180418041804179,-0.02696633456924824,0.0,0.007524173740011797,False
2011-11-30,0.046555906974490524,0.030727306205118765,0.028280653770049735,0.03155328880340069,94.7,91.20589,418119.0,0.04180418041804179,-0.02696633456924824,0.0,0.007524173740011797,False
2011-12-01,-0.006093856488641136,-0.0039177482077767944,-0.010809186558914385,-0.0029244192868524976,95.0,92.04845,418119.0,0.03598691384950925,-0.009070308210698541,0.0,0.007524173740011797,False
2011-12-02,-0.0006131323232505537,0.011229381541757677,0.010143280148680933,0.011476873598013748,95.0,92.04845,418119.0,0.03598691384950925,-0.009070308210698541,0.0,0.007524173740011797,False
2011-12-05,0.009815927687355952,0.0031717897210252755,0.00591813580238143,0.0028276922833390117,95.0,92.04845,418119.0,0.03598691384950925,-0.009070308210698541,0.0,0.007524173740011797,False
2011-12-06,0.00060764789472878,-0.0005269602131833251,-0.005401078388443392,0.0001257534684806494,95.0,92.04845,418119.0,0.03598691384950925,-0.009070308210698541,0.0,0.007524173740011797,False
2011-12-07,0.008500153981954917,-0.003680181236906388,-0.0031127498213743277,-0.003914790203125018,95.0,92.04845,418119.0,0.03598691384950925,-0.009070308210698541,0.0,0.007524173740011797,False
2011-12-08,-0.02648995398751086,-0.012269318737566093,-0.018881012261415364,-0.011375741182852117,95.0,92.04845,418119.0,0.03598691384950925,-0.009070308210698541,0.0,0.007524173740011797,False
2011-12-09,0.019790000702654353,0.007585774920088717,0.004412012742630145,0.008279002195921148,95.0,92.04845,418119.0,0.03598691384950925,-0.009070308210698541,0.0,0.007524173740011797,False
2011-12-12,-0.023651135189289407,-0.01867366280305338,-0.022644208922264597,-0.01832096675657169,95.0,92.04845,418119.0,0.03598691384950925,-0.009070308210698541,0.0,0.007524173740011797,False
2011-12-13,-0.007453030812124339,0.0105604747828969,0.00603965211367119,0.011477789585222276,95.0,92.04845,418119.0,0.03598691384950925,-0.009070308210698541,0.0,0.007524173740011797,False
2011-12-14,-0.013141564713843867,-0.021819933598479335,-0.021764863436151027,-0.02247648286675563,95.0,92.04845,418119.0,0.03598691384950925,-0.009070308210698541,0.0,0.007524173740011797,False
2011-12-15,0.0076094197525753415,0.006341693535357962,0.00852810982013441,0.006353897834323163,95.0,92.04845,418119.0,0.03598691384950925,-0.009070308210698541,0.0,0.007524173740011797,False
2011-12-16,-0.00692272211418421,-0.0026296470601496758,-0.0024523124209058222,-0.0025181169623876842,95.0,92.04845,418119.0,0.03598691384950925,-0.009070308210698541,0.0,0.007524173740011797,False
2011-12-19,-0.007604705752888297,-0.004307444692738582,-0.005589991390128168,-0.004139328698227751,95.0,92.04845,418119.0,0.03598691384950925,-0.009070308210698541,0.0,0.007524173740011797,False
2011-12-20,0.03052706435316077,0.01030125234858037,0.012309711869795903,0.010177091827819229,95.0,92.04845,418119.0,0.03598691384950925,-0.009070308210698541,0.0,0.007524173740011797,False
2011-12-21,-0.0031444564821051513,-0.004903949079472669,-0.0025739116391274575,-0.005516994207133585,95.0,92.04845,418119.0,0.03598691384950925,-0.009070308210698541,0.0,0.007524173740011797,False
2011-12-22,0.011987132037865056,0.011503877730425494,0.006156619869450264,0.012486743649680498,95.0,92.04845,418119.0,0.03598691384950925,-0.009070308210698541,0.0,0.007524173740011797,False
2011-12-23,0.007481389492868029,0.009815645541462859,0.00813851418843714,0.010207109274784631,95.0,92.04845,418119.0,0.03598691384950925,-0.009070308210698541,0.0,0.007524173740011797,False
2011-12-27,-0.0006187936470518629,0.0,0.0,0.0,95.0,92.04845,418119.0,0.03598691384950925,-0.009070308210698541,0.0,0.007524173740011797,True
2011-12-28,-0.017956644175599945,-0.0004280744654401314,0.0029045891941965607,-0.0009614694761120868,95.0,92.04845,418119.0,0.03598691384950925,-0.009070308210698541,0.0,0.007524173740011797,False
2011-12-29,0.01576309271855969,0.009802325810441381,0.004304279204881523,0.010785471074739261,95.0,92.04845,418119.0,0.03598691384950925,-0.009070308210698541,0.0,0.007524173740011797,False
2011-12-30,0.003103466550564926,0.0015068105922315667,0.004633969436330654,0.0009880003220825717,95.0,92.04845,418119.0,0.03598691384950925,-0.009070308210698541,0.0,0.007524173740011797,False
