customer_id,churn_probability,risk_tier
12347,0.10181883304408862,Low
12353,0.7970345881465116,High
12355,0.8665842200091143,High
12358,0.301195278275462,Low
12359,0.13290586831080872,Low
12360,0.24944457227624262,Low
12362,0.07524023448480105,Low
12363,0.7850808177921758,High
12364,0.44512435771764003,Med
12372,0.4954146038068095,Med
12378,0.5086049897248299,Med
12379,0.7792604529877218,High
12380,0.3676310233285847,Med
12381,0.4865768829541851,Med
12383,0.35757271588093326,Med
12384,0.748812456861232,High
12388,0.33745779828229494,Low
12394,0.35037501924716785,Med
12395,0.3332258572414527,Low
12397,0.372872704425713,Med
12399,0.2807327461040526,Low
12405,0.5695336385603235,Med
12406,0.4493823618335076,Med
12407,0.37033351077187365,Med
12408,0.31982405506219125,Low
12409,0.4659144011546925,Med
12412,0.2548780082368702,Low
12414,0.8640773723036931,High
12415,0.890244731276754,High
12417,0.12591846555931158,Low
12418,0.789099076434277,High
12421,0.6967295461154902,High
12422,0.7700865090443655,High
12423,0.35768256196368087,Med
12424,0.34820458120715575,Low
12426,0.8352656018430665,High
12428,0.09537662123049187,Low
12429,0.13877196185248747,Low
12431,0.05613779212319876,Low
12432,0.09538481663072607,Low
12437,0.09574533308213233,Low
12438,0.32915009077043467,Low
12444,0.05669689541090378,Low
12449,0.07644616523276453,Low
12450,0.8164851596466479,High
12451,0.462887209852229,Med
12453,0.7805161248046515,High
12455,0.26330258074355256,Low
12456,0.40132973536713457,Med
12461,0.806864518212511,High
12463,0.37460936850419374,Med
12464,0.23732948627330297,Low
12465,0.7999289291167141,High
12468,0.7462313801619554,High
12471,0.08349290856323717,Low
12472,0.08531325836925197,Low
12473,0.1055413297258522,Low
12474,0.09635947813498971,Low
12476,0.06337295147673057,Low
12480,0.4428505445797619,Med
12481,0.1304609224616253,Low
12483,0.3312426018692981,Low
12484,0.054738117781596984,Low
12490,0.10578716221903545,Low
12492,0.7327682649430445,High
12493,0.7730924686686611,High
12494,0.32821796653960383,Low
12500,0.0852414492449609,Low
12502,0.07636068318418854,Low
12507,0.2837753693486969,Low
12510,0.3361598578554304,Low
12513,0.8067674226622746,High
12516,0.34939301205537926,Low
12517,0.3147436351681988,Low
12518,0.3336902432895756,Low
12520,0.21072066270202602,Low
12521,0.7688430418094607,High
12523,0.32046609217641253,Low
12524,0.12433712150763174,Low
12528,0.2678257428100281,Low
12530,0.45240473820940424,Med
12534,0.4057558228899885,Med
12535,0.7859241440316762,High
12540,0.053064805437389326,Low
12541,0.46545581724483964,Med
12547,0.8140402904549608,High
12548,0.7961198488263659,High
12553,0.09204220538787046,Low
12556,0.7630691936585926,High
12557,0.21458889297622039,Low
12560,0.48442993690366176,Med
12562,0.09454989345636686,Low
12567,0.05985525710191782,Low
12569,0.051001751358137656,Low
12571,0.7590776308328214,High
12576,0.27382765127979797,Low
12583,0.11567174230241772,Low
12584,0.24491088085962712,Low
12589,0.7915909640200748,High
12590,0.9301186224404889,High
12592,0.8142357875921155,High
12593,0.7529478986194635,High
12594,0.33029359857584456,Low
12597,0.16005661124445783,Low
12598,0.3028696204343263,Low
12599,0.31280773088787606,Low
12600,0.16502107785563067,Low
12601,0.7490576646547328,High
12609,0.5423700746659633,Med
12610,0.3341170501393332,Low
12613,0.4691365084272818,Med
12615,0.4510254794943451,Med
12619,0.39755971148636177,Med
12620,0.5074777464378842,Med
12621,0.08858723831575041,Low
12624,0.6881597918748104,High
12625,0.6603448761287094,High
12626,0.09339422213731399,Low
12627,0.1208867170292669,Low
12633,0.3277158566577473,Low
12635,0.35985313976422745,Med
12637,0.13936927610809705,Low
12641,0.7486425987658589,High
12642,0.3157250729606738,Low
12643,0.34465813924384153,Low
12644,0.7677144582308365,High
12645,0.2606900221822987,Low
12647,0.09827429858774263,Low
12648,0.8239272399856589,High
12649,0.690325861938969,High
12653,0.4333641299314328,Med
12654,0.8115633385181723,High
12656,0.14118639345871825,Low
12662,0.0916234875042082,Low
12664,0.10281506766674198,Low
12669,0.5018264882890655,Med
12670,0.4274771645107905,Med
12674,0.4319750770724866,Med
12676,0.324576353422436,Low
12678,0.12741458493113209,Low
12679,0.47075864676404494,Med
12680,0.7913188692164105,High
12681,0.0938434423554142,Low
12682,0.03943452820001258,Low
12683,0.07263406500427633,Low
12684,0.37400248518360374,Med
12688,0.7431096894892854,High
12689,0.44637495215457396,Med
12690,0.8024647005820943,High
12691,0.45937489236673645,Med
12693,0.6842298840183078,High
12694,0.8132719562824688,High
12695,0.6204735014981415,Med
12697,0.30681407404284156,Low
12700,0.12586340324352616,Low
12704,0.30638378830609886,Low
12705,0.09259312046619363,Low
12708,0.1769960676227063,Low
12709,0.10084496738734346,Low
12710,0.45267450219958333,Med
12712,0.06898140493824817,Low
12714,0.11837579208205147,Low
12715,0.789580960264358,High
12716,0.4745787480111759,Med
12717,0.48193169282830645,Med
12720,0.07460892016086663,Low
12721,0.5025358355554476,Med
12722,0.2975694635440446,Low
12724,0.3592490392823379,Med
12726,0.461873039060354,Med
12727,0.1487215656025395,Low
12729,0.8179697197007608,High
12731,0.0864128903523648,Low
12732,0.7956569633892063,High
12743,0.7574910430182716,High
12744,0.16530006489330304,Low
12747,0.1154386451557027,Low
12748,0.0004833998514471973,Low
12749,0.045875550121982606,Low
12750,0.7398327426516726,High
12753,0.2602633989248029,Low
12757,0.07413123663533419,Low
12758,0.5682198100168719,Med
12759,0.38574489430164577,Med
12763,0.7845530073862585,High
12766,0.11471324371910208,Low
12770,0.548765085269617,Med
12775,0.38798025147102994,Med
12778,0.8208651212322705,High
12779,0.13811201608447993,Low
12782,0.4499289971998979,Med
12787,0.8280296916705795,High
12790,0.8008667670929199,High
12798,0.416719619564559,Med
12802,0.8136129334844014,High
12808,0.80352392849051,High
12809,0.805279691582489,High
12814,0.7275024422245978,High
12815,0.32537060614794766,Low
12816,0.7179767385280449,High
12821,0.7888218373731413,High
12823,0.3803607742586232,Med
12826,0.17965399388760883,Low
12828,0.2196018907462283,Low
12830,0.1608387326558885,Low
12833,0.7107113260698467,High
12836,0.2590692238307889,Low
12837,0.7046082521096722,High
12839,0.09020220907185802,Low
12840,0.20823093961045608,Low
12841,0.052349443293197837,Low
12843,0.23554303788270736,Low
12844,0.7553490088288539,High
12853,0.16630112093314126,Low
12857,0.3852612710463656,Med
12864,0.7484235929404347,High
12865,0.4188537165599069,Med
12867,0.08804631317026322,Low
12868,0.24780880021945126,Low
12871,0.7599959165341322,High
12875,0.8175930549638649,High
12876,0.5334974881613652,Med
12877,0.27676569150944375,Low
12885,0.35382867578389104,Med
12886,0.4223276238966651,Med
12888,0.7844309592130483,High
12891,0.7384690968717221,High
12897,0.7952524897208852,High
12901,0.08133312799710816,Low
12904,0.7257127894348541,High
12908,0.8192222846494279,High
12909,0.3017571961910547,Low
12910,0.2889059418998148,Low
12915,0.7053893033159089,High
12916,0.2032265193034303,Low
12917,0.739621728830697,High
12919,0.25849634880413136,Low
12921,0.02370129607481964,Low
12922,0.7648223156212784,High
12924,0.8016226703246324,High
12928,0.24208209301510045,Low
12930,0.628439797715188,Med
12931,0.9904012989127472,High
12933,0.7262688406963208,High
12935,0.18539178009851362,Low
12937,0.330766140509687,Low
12939,0.11337607867301366,Low
12942,0.6798888262377276,High
12947,0.21727847188178495,Low
12948,0.2068604954598795,Low
12949,0.07517953567393873,Low
12951,0.2541204244342225,Low
12955,0.0795949199390486,Low
12957,0.1384739542678163,Low
12962,0.7210610099944574,High
12968,0.7160604036684936,High
12971,0.01310892421269096,Low
12974,0.7852393246934217,High
12976,0.8625662683227904,High
12977,0.7485148105433658,High
12980,0.04926043569633699,Low
12981,0.6931221766620937,High
12987,0.7520066148276889,High
12989,0.0849044048944508,Low
12990,0.7891451994720112,High
12991,0.7953769525837429,High
12993,0.5680370685436011,Med
12994,0.2654618122744514,Low
12999,0.722306488311445,High
13000,0.7096946021809764,High
13001,0.09763448850622591,Low
13003,0.6187451440331554,Med
13004,0.03667391472597891,Low
13005,0.7081161125571719,High
13012,0.21050500769855193,Low
13013,0.06210653219411643,Low
13014,0.19973353673421754,Low
13015,0.3814262697838211,Med
13016,0.7530688752234496,High
13018,0.03381333080441011,Low
13021,0.2704798163443067,Low
13023,0.6753412911665809,High
13026,0.3563413991744633,Med
13027,0.48107356600055057,Med
13029,0.37314967152311895,Med
13037,0.6640004664970522,High
13038,0.7360930598034948,High
13047,0.23487347896620928,Low
13048,0.2530533299810316,Low
13050,0.026194684344284652,Low
13052,0.8431705887543942,High
13055,0.40420459978732926,Med
13058,0.7484941660598734,High
13062,0.8191754293115898,High
13064,0.36187047563289565,Med
13069,0.059102420528167846,Low
13070,0.814056802455723,High
13075,0.8088117722275147,High
13078,0.05171290807488241,Low
13079,0.7185746112193128,High
13080,0.7220610582703505,High
13081,0.24329812066787698,Low
13082,0.23725731700354785,Low
13085,0.6961447946396291,High
13089,0.007539897105620723,Low
13090,0.03923703770966394,Low
13092,0.7807966372325974,High
13094,0.2718074544357708,Low
13097,0.05818250156272453,Low
13098,0.053853371811288256,Low
13102,0.03588877153938561,Low
13104,0.265513587493166,Low
13106,0.600184561856173,Med
13107,0.38436341320384176,Med
13109,0.697923763722813,High
13110,0.3102912247192177,Low
13113,0.07760562986874599,Low
13115,0.3563414952400294,Med
13116,0.7537371675683823,High
13117,0.2511241044026775,Low
13118,0.46507178019028866,Med
13131,0.3104027915588674,Low
13134,0.28268242373152686,Low
13135,0.9527375339059964,High
13136,0.2115305061198096,Low
13137,0.04493114139872688,Low
13138,0.28625922201447207,Low
13139,0.08388101627833548,Low
13140,0.6336485633047915,Med
13141,0.340081307276791,Low
13145,0.6746450654458065,High
13148,0.05575828764141345,Low
13149,0.3149787625806297,Low
13157,0.27188599720457224,Low
13158,0.2009313691788606,Low
13159,0.2341953483018915,Low
13162,0.25046203047943694,Low
13167,0.7184260048999583,High
13168,0.2988972601952388,Low
13178,0.0542525008445044,Low
13183,0.08318979900832124,Low
13184,0.20582801518408927,Low
13186,0.23474082876657684,Low
13189,0.7913798089309347,High
13192,0.7736380749161247,High
13194,0.6808767008783916,High
13198,0.23515067943450432,Low
13199,0.06171125966761742,Low
13200,0.7674819091219653,High
13203,0.6911844782394432,High
13207,0.7838952881285177,High
13208,0.29277694908375884,Low
13209,0.08773044603693256,Low
13213,0.23151554874041505,Low
13217,0.6217460190901174,Med
13218,0.722667455127318,High
13220,0.6725096367219019,High
13223,0.7616380812738632,High
13224,0.33934408631330015,Low
13225,0.07643149398785526,Low
13227,0.749369927425108,High
13230,0.147360148702333,Low
13232,0.31746625369760373,Low
13235,0.3699434031332293,Med
13236,0.703820213921892,High
13238,0.6517487168713736,High
13240,0.7482428804547425,High
13242,0.6802596514104051,High
13243,0.696114964506407,High
13246,0.2636130889770369,Low
13248,0.606289743672511,Med
13253,0.42369611700119386,Med
13258,0.8231815681543512,High
13263,0.03215266635983363,Low
13265,0.35503840323592806,Med
13266,0.08122644808377334,Low
13267,0.040807286803795195,Low
13268,0.2867854282451402,Low
13269,0.054303296593195716,Low
13273,0.7469359687903026,High
13277,0.6323317525108901,Med
13280,0.6238363747818712,Med
13282,0.20596281608404632,Low
13283,0.796083461568916,High
13285,0.3078441227315866,Low
13291,0.7404239577506737,High
13294,0.7873926500928444,High
13296,0.7174586850340661,High
13300,0.7544079455316107,High
13301,0.565163632544488,Med
13302,0.7295747802989849,High
13305,0.20993657517803313,Low
13307,0.6653850956168177,High
13308,0.3617553786836444,Med
13309,0.4249628356812714,Med
13310,0.33586089653109047,Low
13311,0.7571388107263043,High
13313,0.26145454457154527,Low
13316,0.3643402642509184,Med
13317,0.34418989694537766,Low
13319,0.03532373339285906,Low
13320,0.2232323790384348,Low
13324,0.09841058207046785,Low
13327,0.22294648221213073,Low
13330,0.346298235061662,Low
13334,0.4791662946101951,Med
13338,0.6518667171520759,High
13339,0.8132228077786116,High
13340,0.06746368596428741,Low
13343,0.70191303683739,High
13355,0.7309712229259582,High
13365,0.4324828982219219,Med
13373,0.3643143375237353,Med
13376,0.3534733284920376,Med
13379,0.7789314408492423,High
13381,0.22111093456628547,Low
13384,0.07191120030539212,Low
13388,0.6309016821960233,Med
13391,0.7380238526616083,High
13394,0.2758615439992163,Low
13395,0.840092355863791,High
13397,0.19322802315932702,Low
13398,0.7666206785524411,High
13402,0.7600943652478165,High
13404,0.8040768216882802,High
13405,0.753619988219046,High
13408,0.018575106006145106,Low
13410,0.29176375770113167,Low
13411,0.7362499604369788,High
13414,0.2676965767555391,Low
13417,0.8126915545628243,High
13418,0.06652579604013391,Low
13420,0.6023482664185292,Med
13425,0.21218445812950532,Low
13426,0.37907955348340205,Med
13427,0.7275593528634804,High
13435,0.11680725159502757,Low
13437,0.274592773644406,Low
13448,0.35638484517859265,Med
13450,0.2891504119782426,Low
13451,0.21990984650075793,Low
13453,0.7074195715095789,High
13456,0.22156511053395486,Low
13458,0.05680518931908748,Low
13461,0.3123627839236401,Low
13466,0.7482194278155246,High
13468,0.04251980967691537,Low
13470,0.6708227347040349,High
13475,0.3229746187075513,Low
13476,0.3262838446075854,Low
13477,0.20637791431444696,Low
13479,0.7072273702640426,High
13481,0.19377131899969563,Low
13486,0.2049349167408094,Low
13487,0.7580142325563404,High
13488,0.059080490308695714,Low
13489,0.6325238782498511,Med
13491,0.31119408104365714,Low
13492,0.30090935398942753,Low
13500,0.2336736022167091,Low
13505,0.09346199207261609,Low
13507,0.32319942854289996,Low
13510,0.28351640379867493,Low
13513,0.7554055140740717,High
13515,0.6427706367814694,Med
13517,0.22237084950050037,Low
13520,0.2914673456363947,Low
13523,0.08489028629374018,Low
13524,0.5592954709578638,Med
13527,0.25030696029238647,Low
13529,0.7624286616694512,High
13531,0.7635604671523217,High
13533,0.6825420015242233,High
13534,0.02786104752755714,Low
13538,0.21255002658888056,Low
13546,0.7666959394533907,High
13549,0.6794112162528411,High
13552,0.049100056124625376,Low
13555,0.1182117901388661,Low
13561,0.7493396204037679,High
13562,0.3568040855965276,Med
13563,0.725879587218325,High
13568,0.7010584745215611,High
13571,0.23632109335178073,Low
13572,0.4508521390342311,Med
13575,0.6526922378109422,High
13576,0.04926575235109293,Low
13577,0.28703649445666995,Low
13583,0.788035763979656,High
13588,0.2119295981023922,Low
13589,0.720564297766254,High
13590,0.2606458884285542,Low
13591,0.34727456260476547,Low
13592,0.7200218957503859,High
13593,0.2679694281361736,Low
13599,0.08043356007235992,Low
13601,0.778398610671343,High
13610,0.17547306333579665,Low
13611,0.3532922108579603,Med
13614,0.23555433923268246,Low
13617,0.5891793424378722,Med
13618,0.7603720419532981,High
13621,0.7744623323436992,High
13623,0.7610508772150651,High
13627,0.32056468209778616,Low
13629,0.0812115953053932,Low
13630,0.14974793143453252,Low
13631,0.15699467248794308,Low
13632,0.2759372232156866,Low
13634,0.32495408099034856,Low
13636,0.2642188671805034,Low
13637,0.7236514691747021,High
13642,0.7733784519150252,High
13643,0.73224845902741,High
13644,0.3971837072093571,Med
13645,0.7509797491904479,High
13647,0.4123521898953314,Med
13650,0.33374399371464264,Low
13654,0.3275828303188291,Low
13655,0.7391072394894965,High
13656,0.7806683528303795,High
13657,0.8063600522871069,High
13658,0.3668342264233648,Med
13659,0.36318616340866516,Med
13662,0.7676724619429408,High
13663,0.7387681657803316,High
13667,0.6917398842377346,High
13668,0.043980830616421225,Low
13669,0.728878698107091,High
13675,0.7331903338720631,High
13678,0.8413017681594218,High
13681,0.6992962319204173,High
13682,0.6863204146843922,High
13686,0.7297098104697758,High
13692,0.2152388106348444,Low
13694,0.11436808501837016,Low
13695,0.19747596420800542,Low
13699,0.7304714280996938,High
13700,0.4237488800287716,Med
13705,0.7363402355371665,High
13709,0.05380020541435701,Low
13711,0.7770662797754845,High
13717,0.29985475088062497,Low
13719,0.37398293425915424,Med
13720,0.6275312781334886,Med
13722,0.1939023261428345,Low
13723,0.7372571271171995,High
13725,0.41780154915176115,Med
13728,0.18035890229857787,Low
13730,0.6583152378484028,High
13731,0.8333318845788028,High
13735,0.3178452370436316,Low
13737,0.7765431647040982,High
13741,0.6731154576468175,High
13742,0.17016659039885892,Low
13743,0.2003793121554371,Low
13745,0.7752680341226239,High
13750,0.19478913869601852,Low
13752,0.21759730783927025,Low
13754,0.7587773334297376,High
13756,0.0747731968013032,Low
13758,0.44766165546460696,Med
13761,0.35840574309399004,Med
13762,0.8031934530041912,High
13764,0.25429414798608363,Low
13767,0.049610279100399945,Low
13769,0.21902262057409252,Low
13771,0.3850276213469733,Med
13777,0.0637025631816851,Low
13778,0.7144303608622609,High
13780,0.7662124885577546,High
13782,0.7204303216783045,High
13784,0.26954343985751805,Low
13791,0.4411903068339153,Med
13798,0.03158898136190514,Low
13799,0.7439905316508738,High
13802,0.1285887452749904,Low
13804,0.2579868650646153,Low
13805,0.8271314322913116,High
13811,0.744527255661948,High
13812,0.7832650905734255,High
13813,0.3359725619212223,Low
13814,0.3616425878637373,Med
13815,0.19675728860906289,Low
13821,0.7488132331556983,High
13824,0.2424229260800496,Low
13826,0.7409341660481136,High
13827,0.647461801534123,Med
13831,0.22398945107304408,Low
13833,0.7103940614529314,High
13835,0.649618915636352,Med
13837,0.7679757823104628,High
13838,0.6435736023368699,Med
13842,0.20550341959039567,Low
13849,0.347003754378916,Low
13850,0.5336283405030676,Med
13851,0.4907378600937201,Med
13854,0.05771541039710944,Low
13856,0.7067192953427347,High
13862,0.1684633438730267,Low
13865,0.5961375009547941,Med
13867,0.463427751284772,Med
13869,0.48933871260873946,Med
13870,0.17397049239575432,Low
13871,0.0499798794942878,Low
13873,0.6170119580823681,Med
13875,0.2887632976955203,Low
13880,0.20818327265124315,Low
13881,0.10695325700785208,Low
13883,0.32428332104392027,Low
13885,0.7518162826911766,High
13887,0.7727438187270858,High
13888,0.6534393370743552,High
13890,0.25454171512851886,Low
13895,0.26986732627367055,Low
13900,0.7364107383538865,High
13901,0.25114065363322563,Low
13908,0.22337262763316518,Low
13911,0.22253450946570413,Low
13917,0.738370196712511,High
13919,0.7862583909723181,High
13925,0.6435533314949198,Med
13928,0.6693592888597117,High
13929,0.7099432443508055,High
13930,0.7089872935412037,High
13933,0.6370720545603168,Med
13936,0.7103637137909934,High
13937,0.7591404347575378,High
13939,0.7148307250975102,High
13940,0.6330482778235268,Med
13941,0.15772461241621366,Low
13946,0.797143253436198,High
13951,0.7776187197898946,High
13952,0.38803708734917713,Med
13953,0.3557910446944149,Med
13955,0.7730335462753808,High
13956,0.2619701912978951,Low
13967,0.7582304472648911,High
13969,0.046176792670511224,Low
13971,0.22597524088831358,Low
13972,0.7141326680181131,High
13975,0.24349056368039845,Low
13976,0.7759094156449465,High
13982,0.41643910512300003,Med
13983,0.3595323430605992,Med
13984,0.6852807340393728,High
13985,0.05472471180706535,Low
13988,0.09192899298640571,Low
13990,0.7878423979156242,High
13991,0.7312416301731143,High
13993,0.22357822871038635,Low
13994,0.2783764729343044,Low
13995,0.2918994189844847,Low
13999,0.06260950015362268,Low
14000,0.8641396479313912,High
14002,0.7434969554525178,High
14004,0.07312871066530513,Low
14005,0.26450568953869474,Low
14006,0.30323965998030256,Low
14009,0.7522071299764604,High
14013,0.6474947826011211,Med
14016,0.13280986300571596,Low
14019,0.2769006613246146,Low
14021,0.6431809471717153,Med
14024,0.7746621875285082,High
14029,0.744624173991376,High
14030,0.29249010703740114,Low
14031,0.1256984592608412,Low
14032,0.20139343402698914,Low
14034,0.6874191245985167,High
14035,0.24423913541213688,Low
14037,0.8202797562351695,High
14038,0.18943649722432584,Low
14040,0.12119455107618378,Low
14044,0.5843244858883194,Med
14045,0.2907663791380551,Low
14047,0.3620573403071693,Med
14049,0.10144543015563394,Low
14050,0.7576053571623668,High
14051,0.05034360409592125,Low
14053,0.7514084186494181,High
14055,0.7956539409874747,High
14056,0.02692444843129801,Low
14057,0.06823306791987638,Low
14060,0.049070153547352606,Low
14062,0.08613207162875151,Low
14064,0.21854954956283096,Low
14076,0.6996680431397873,High
14077,0.7378805247902407,High
14078,0.18845238880643428,Low
14079,0.7320065062828423,High
14083,0.2381287116489497,Low
14085,0.07845119066296623,Low
14088,0.04692895143714507,Low
14092,0.08253332845320077,Low
14096,0.07157256248372605,Low
14099,0.1800291259050856,Low
14100,0.7300654574941908,High
14101,0.08905938897491332,Low
14104,0.6002508130492151,Med
14107,0.2696357856690068,Low
14108,0.7504139254304408,High
14110,0.058525199362807236,Low
14111,0.6646749385588435,High
14112,0.17252370337340706,Low
14116,0.24909421643725693,Low
14117,0.7322423587050798,High
14127,0.6980442812126957,High
14132,0.2271653432962046,Low
14133,0.6772043583896662,High
14135,0.07716343649968797,Low
14141,0.7539898566005216,High
14143,0.6216129384329077,Med
14145,0.10622015874315265,Low
14149,0.81523554606174,High
14156,0.0005749672175752084,Low
14159,0.035821487319985225,Low
14161,0.3752018769440716,Med
14162,0.7287648116522333,High
14163,0.25609379531258447,Low
14167,0.7470448850066228,High
14173,0.7634907047268141,High
14175,0.3593733201403266,Med
14177,0.725262629843625,High
14178,0.1789590590051021,Low
14180,0.04652605927890398,Low
14188,0.21701100767914466,Low
14189,0.055082080355621364,Low
14191,0.05972692004887435,Low
14194,0.02959422357549622,Low
14195,0.2912028254182132,Low
14196,0.6842774692709828,High
14198,0.6938427898227704,High
14199,0.8008149830934784,High
14201,0.6596146417826604,High
14209,0.25434163937496107,Low
14210,0.20776743783364204,Low
14211,0.36515381400487423,Med
14214,0.29274879893032385,Low
14215,0.37913798963031686,Med
14217,0.26863772768353134,Low
14221,0.20014528498395542,Low
14222,0.7831792801946067,High
14223,0.3897829713800186,Med
14224,0.16109684433155466,Low
14226,0.2963923524981266,Low
14227,0.4325862243845672,Med
14231,0.665506028255775,High
14232,0.22561396739712675,Low
14233,0.37515096931197156,Med
14235,0.31691066802841017,Low
14239,0.23777421069552918,Low
14241,0.8145964602581379,High
14243,0.2410058205206125,Low
14245,0.29329666120271786,Low
14246,0.26365754365855076,Low
14257,0.31017853536392775,Low
14258,0.10273038476765624,Low
14259,0.7895082564281848,High
14262,0.22221536623724172,Low
14264,0.7659148689514735,High
14265,0.697681038795177,High
14267,0.29390669626363847,Low
14273,0.6064256333571576,Med
14276,0.4294506025029865,Med
14277,0.2251798713920946,Low
14280,0.7713323244024494,High
14282,0.0859196386823937,Low
14285,0.28783069724220967,Low
14287,0.6792893745267115,High
14288,0.7423427800154923,High
14289,0.6844397339966034,High
14291,0.05572516751519451,Low
14292,0.059404328128184976,Low
14293,0.3507934194838921,Med
14298,0.04464969877072436,Low
14299,0.12432676630627647,Low
14301,0.7822323480688239,High
14304,0.8161765151968706,High
14305,0.21607723472029874,Low
14307,0.2472790840188465,Low
14309,0.32994413385366533,Low
14312,0.39295602631485604,Med
14314,0.6543083376022566,High
14315,0.22235371041389965,Low
14320,0.7668071138080879,High
14321,0.33354278879254157,Low
14323,0.6796244874023146,High
14327,0.7551908878153837,High
14329,0.07340915299890227,Low
14331,0.6437720957555207,Med
14332,0.6919677695208032,High
14334,0.3055213100322601,Low
14336,0.4174500453744467,Med
14338,0.6683149996448051,High
14340,0.7722366321021938,High
14341,0.25588222408336175,Low
14342,0.6067206134436065,Med
14344,0.6110612907545415,Med
14346,0.3400014612216676,Low
14351,0.7369487571474399,High
14352,0.2723238337731712,Low
14353,0.7922927759669858,High
14364,0.027300612669329538,Low
14367,0.06930455058034014,Low
14375,0.6947162506552633,High
14377,0.7612793275268928,High
14383,0.3525014118433517,Med
14387,0.39153652323757826,Med
14388,0.1853988752579328,Low
14389,0.412454516037987,Med
14390,0.06535679030707502,Low
14393,0.7783116295391022,High
14395,0.22465766131855294,Low
14397,0.20760573331209792,Low
14400,0.7210434969230538,High
14401,0.07510358484041545,Low
14403,0.26699394706294927,Low
14404,0.20586126528832255,Low
14406,0.7129671374920141,High
14407,0.24260430305552527,Low
14408,0.24627621264422614,Low
14409,0.31227249369415716,Low
14410,0.14351426921424235,Low
14414,0.2902816118555259,Low
14415,0.09200642978035856,Low
14418,0.3142915094596275,Low
14421,0.7656651245836236,High
14422,0.06259522874255831,Low
14423,0.7950714202485726,High
14426,0.06683309827964373,Low
14442,0.31859324227961794,Low
14443,0.2886596206307349,Low
14447,0.391483886003171,Med
14450,0.7699319337317361,High
14451,0.7962113448883484,High
14453,0.7428804032260151,High
14456,0.1505810959843156,Low
14459,0.33996360606182624,Low
14460,0.7108466610163772,High
14461,0.2760122239184085,Low
14462,0.17641920817297216,Low
14463,0.7627884958316162,High
14466,0.14753084721051146,Low
14472,0.16960817036007309,Low
14475,0.7091018775244468,High
14477,0.3491658237063603,Low
14481,0.7764318220481157,High
14489,0.7986147029066575,High
14491,0.7471868964594913,High
14493,0.34865229427371897,Low
14495,0.6925518276832744,High
14498,0.2643122540460262,Low
14499,0.6780768271458848,High
14500,0.6234711304390006,Med
14501,0.7207820816439322,High
14502,0.2661616489283091,Low
14503,0.3813912326838351,Med
14505,0.07541441591220241,Low
14506,0.2888908273244551,Low
14507,0.21108340212262014,Low
14511,0.32056148399942425,Low
14512,0.7372640066487759,High
14513,0.7716688940084201,High
14514,0.25480672009926886,Low
14515,0.35554874076479853,Med
14517,0.7188100190011384,High
14522,0.4079146871704136,Med
14523,0.71522994982009,High
14524,0.25233493149034714,Low
14525,0.060021878643100546,Low
14527,0.013264813083502578,Low
14529,0.6398504787521498,Med
14530,0.26741131635226334,Low
14533,0.2961568874705347,Low
14534,0.041799892265948865,Low
14535,0.37270271586390824,Med
14541,0.31731074571930695,Low
14542,0.7298078186909405,High
14543,0.21214429990467218,Low
14546,0.3165333283419982,Low
14548,0.7014741076205703,High
14551,0.7613032621264398,High
14552,0.7059439002918524,High
14553,0.7778932769342303,High
14560,0.1804896663077337,Low
14561,0.3572910379050934,Med
14562,0.05067896353425854,Low
14565,0.2697946155195886,Low
14566,0.5196112977474246,Med
14567,0.3109650897046854,Low
14572,0.1879148395721063,Low
14573,0.1856199719390633,Low
14577,0.7690667911211838,High
14583,0.2080550045455552,Low
14584,0.18692092524760737,Low
14587,0.2579086330372257,Low
14591,0.4439716431272902,Med
14593,0.7427651422629779,High
14597,0.7860914648012302,High
14606,0.0070646971206353715,Low
14609,0.9078697627262202,High
14620,0.7343171051633763,High
14621,0.2663477140801979,Low
14622,0.8028507651534077,High
14623,0.6091949253262636,Med
14625,0.7279625122638438,High
14626,0.37381905689307027,Med
14639,0.2572322242293698,Low
14640,0.25483467475507665,Low
14643,0.774188414127741,High
14645,0.7831326320658524,High
14646,0.9912175957319438,High
14647,0.8044570381969957,High
14649,0.4245792273985401,Med
14651,0.8249597109867742,High
14655,0.4752508351245439,Med
14656,0.7542916521904467,High
14657,0.7085088604105854,High
14658,0.7364463354665984,High
14659,0.2940938077811116,Low
14667,0.06624196285757594,Low
14676,0.294307947918293,Low
14680,0.07703495623937474,Low
14681,0.7569453837162244,High
14682,0.7346019238385825,High
14684,0.4067003017171332,Med
14687,0.7791925869951272,High
14688,0.04554047362829746,Low
14689,0.7659184274362184,High
14690,0.656742100500832,High
14691,0.4523267244595829,Med
14692,0.7211681328480416,High
14696,0.1951833095442308,Low
14697,0.7513003828649516,High
14699,0.7707120002283877,High
14700,0.3036978985237013,Low
14701,0.2673438469574305,Low
14702,0.24814638640377995,Low
14704,0.2126806300562598,Low
14705,0.7908337846827724,High
14708,0.30978144740371616,Low
14709,0.041843659369288994,Low
14711,0.14614403956924224,Low
14712,0.7249243941774848,High
14713,0.23759859944811393,Low
14716,0.7692437199213756,High
14719,0.325229732557932,Low
14720,0.7432409373031685,High
14722,0.7371015178706846,High
14730,0.19010828673591054,Low
14731,0.7326614332356681,High
14732,0.1842163897840009,Low
14733,0.05937748349890889,Low
14735,0.04368097264163025,Low
14737,0.3672239172671884,Med
14738,0.23640780731628164,Low
14739,0.21481625023313927,Low
14740,0.3118858325916539,Low
14741,0.2837309887221592,Low
14745,0.31331819996147375,Low
14748,0.2554973134026215,Low
14755,0.05976703704679375,Low
14758,0.20966241217176185,Low
14759,0.3069533703608109,Low
14765,0.6262870915513533,Med
14766,0.27503235150047683,Low
14768,0.746317974596368,High
14769,0.09281655082492811,Low
14772,0.7299449085865994,High
14775,0.3687323873360979,Med
14776,0.19482222470550375,Low
14778,0.7655259565195569,High
14790,0.7531794192946523,High
14794,0.30396143652410385,Low
14795,0.7170979476292371,High
14796,0.02710750342885055,Low
14798,0.6959789058509838,High
14800,0.03858120765216138,Low
14803,0.7544469725557796,High
14808,0.15359636932586374,Low
14810,0.23954799414364325,Low
14816,0.8238960196889309,High
14817,0.42179702751859016,Med
14818,0.7429626041297938,High
14819,0.7452546696628373,High
14820,0.7205290202729756,High
14823,0.6412003076611598,Med
14825,0.264788902706601,Low
14828,0.4981507883085156,Med
14829,0.6735062655724084,High
14834,0.36970196312530723,Med
14837,0.2708060205041899,Low
14841,0.30893235752967374,Low
14842,0.2966418835571309,Low
14844,0.22005932294027408,Low
14847,0.7337022412314299,High
14849,0.04762231395727772,Low
14852,0.27314105962470275,Low
14853,0.7962246132684334,High
14854,0.2554827903258117,Low
14855,0.6684703820925108,High
14857,0.288450079405096,Low
14859,0.3670488386350379,Med
14862,0.7806462096432738,High
14866,0.059576503574644744,Low
14867,0.708226665418455,High
14868,0.2546827029498694,Low
14869,0.6969126789155273,High
14871,0.6790714615627662,High
14873,0.7613578820486637,High
14875,0.3601096358483942,Med
14878,0.2523483006466304,Low
14880,0.7302217459366551,High
14883,0.6366055485315991,Med
14885,0.8064714218091764,High
14888,0.8052150403460004,High
14891,0.6538255376632476,High
14895,0.057967238489421,Low
14896,0.789486943219854,High
14898,0.2563695387554682,Low
14901,0.27695533479392054,Low
14903,0.20359407598105417,Low
14905,0.7260588380230281,High
14907,0.46986718349801326,Med
14911,0.00028008361415485266,Low
14913,0.4496592809271802,Med
14916,0.27167538720806106,Low
14918,0.27060886635802517,Low
14920,0.27717103131595,Low
14921,0.4499310977693763,Med
14930,0.4394020383463797,Med
14936,0.11943406056209656,Low
14937,0.29125432268754026,Low
14944,0.07956600922562257,Low
14947,0.7647744533359174,High
14948,0.3082542802573629,Low
14952,0.08708812058299249,Low
14958,0.721342954775756,High
14959,0.5354511420811976,Med
14960,0.7325347355300572,High
14961,0.12350852066167631,Low
14963,0.25537856854956453,Low
14970,0.28190870146035096,Low
14972,0.6965562010801023,High
14973,0.25101946407448705,Low
14976,0.5326703297376926,Med
14984,0.735993346653296,High
14985,0.7837347413321504,High
14988,0.7960094416478286,High
14997,0.809785238465602,High
14998,0.7574806819314504,High
15002,0.38893059413833564,Med
15004,0.24494784404268943,Low
15005,0.03010568426724672,Low
15007,0.7154428954474198,High
15014,0.7452443067728021,High
15016,0.7277477725594013,High
15021,0.2784430060213734,Low
15023,0.03554466882397273,Low
15024,0.18882738153992087,Low
15027,0.26822423734911066,Low
15031,0.6927218145017889,High
15033,0.19621588985564925,Low
15036,0.7030269246283715,High
15038,0.6970550757066134,High
15039,0.021565593817376636,Low
15041,0.745848779037804,High
15042,0.7529339845180295,High
15044,0.07208519162972396,Low
15045,0.6999203978849576,High
15046,0.06006279267718921,Low
15048,0.5304058794957305,Med
15051,0.2776717724416134,Low
15053,0.743370508029432,High
15058,0.22767800533015436,Low
15059,0.1802069388493227,Low
15061,0.03987255912426128,Low
15062,0.47426390813376457,Med
15063,0.7574796608723952,High
15065,0.2961290434267055,Low
15069,0.3430422518435196,Low
15073,0.3004150616428244,Low
15074,0.772819367441961,High
15076,0.7802021237693856,High
15078,0.03869740928457829,Low
15079,0.6677695170492791,High
15081,0.6917185996992471,High
15089,0.34228628568006664,Low
15092,0.7833671859297675,High
15093,0.10062372323034563,Low
15095,0.15623183186788003,Low
15098,0.0005261231197375831,Low
15104,0.3858354030652709,Med
15105,0.314289482013215,Low
15106,0.1858619256285435,Low
15108,0.24346180381012986,Low
15110,0.2430650319603114,Low
15114,0.17340927144397567,Low
15116,0.2554281689252808,Low
15117,0.23989487502569465,Low
15118,0.8739789057248888,High
15120,0.7170596697864215,High
15122,0.20669736282011872,Low
15123,0.47940165478150765,Med
15124,0.7603366768176819,High
15125,0.04234699331854475,Low
15128,0.21336384419428017,Low
15129,0.25600267883579575,Low
15130,0.7412623753729878,High
15132,0.2758819304364936,Low
15133,0.4134387808600285,Med
15134,0.24660828663361659,Low
15140,0.3152681342856978,Low
15144,0.05886199586970618,Low
15146,0.42955674216955997,Med
15149,0.7935598365006323,High
15150,0.06730763823227268,Low
15152,0.048939867841080766,Low
15157,0.4968395979814354,Med
15159,0.06135002330322191,Low
15163,0.7617355733260024,High
15164,0.7360997531007593,High
15172,0.2564110203521738,Low
15181,0.7958963245742995,High
15182,0.70318215874034,High
15184,0.7747151776355627,High
15186,0.7453241911316514,High
15187,0.06258574745595075,Low
15189,0.023561251885455013,Low
15192,0.2807680551796601,Low
15194,0.058405064931355,Low
15198,0.7194228060605147,High
15201,0.2604504357117198,Low
15203,0.22879892907321123,Low
15205,0.6941478179989805,High
15206,0.738396269265873,High
15208,0.7447290980017106,High
15214,0.35274544188535434,Med
15218,0.08278122961779978,Low
15219,0.7392683525370878,High
15220,0.2287527417746002,Low
15227,0.3595711551936918,Med
15228,0.24990874900810287,Low
15232,0.7042558012545022,High
15235,0.4108461978839042,Med
15237,0.4218411732463828,Med
15238,0.24595660128570082,Low
15240,0.394058992342172,Med
15241,0.2593428561190594,Low
15245,0.24405597727631131,Low
15247,0.7381169352096362,High
15249,0.07428572971303937,Low
15251,0.06131271791510052,Low
15252,0.8006548650762709,High
15253,0.7750689119067925,High
15254,0.8031126852329776,High
15256,0.7522444719484773,High
15258,0.6957725160530044,High
15260,0.26304582281817024,Low
15261,0.7422293902316636,High
15263,0.7022865009811141,High
15265,0.3369275085999965,Low
15267,0.32414516490065876,Low
15270,0.2784206971879437,Low
15271,0.19375322256486177,Low
15280,0.7258998274969941,High
15281,0.23467933290653673,Low
15288,0.26360038274045083,Low
15289,0.7408432320112384,High
15290,0.08734404324571937,Low
15291,0.10345221431232444,Low
15292,0.7747692915833717,High
15296,0.07591270741394093,Low
15298,0.07863398399639177,Low
15301,0.06992600682583965,Low
15304,0.6355464204232906,Med
15306,0.4050832024041801,Med
15311,0.006342999300007827,Low
15312,0.6154571587019458,Med
15313,0.6871290482847392,High
15314,0.8503537403081743,High
15315,0.7085377803923254,High
15325,0.7188295901489592,High
15329,0.19013574593895805,Low
15333,0.5043712868069385,Med
15334,0.6112848049964215,Med
15342,0.7842928873834301,High
15349,0.6650076653319799,High
15356,0.19674627576204715,Low
15358,0.042045193780922537,Low
15370,0.24874644646543576,Low
15372,0.758759903787171,High
15373,0.19675938190490275,Low
15374,0.7132489404183744,High
15376,0.14868290255588099,Low
15379,0.07146325384530823,Low
15380,0.3227757958364682,Low
15381,0.7970438258456032,High
15382,0.05555368455899785,Low
15384,0.7818418368203168,High
15386,0.7943917688645462,High
15389,0.7965432030211889,High
15394,0.37194454919615044,Med
15396,0.6800088629657463,High
15400,0.6338742434644623,Med
15402,0.6861515340629671,High
15405,0.8110638366957411,High
15407,0.2453404111132619,Low
15410,0.23683227342794227,Low
15411,0.24793045522892743,Low
15412,0.6662048176715955,High
15416,0.11040641807796893,Low
15421,0.4121366393891938,Med
15433,0.7950390994543576,High
15434,0.2987182861431103,Low
15438,0.6728073906562707,High
15440,0.6496166687849034,Med
15443,0.3626017661138235,Med
15449,0.3729528071227505,Med
15453,0.24701605950968367,Low
15462,0.6185909487404938,Med
15465,0.06282643260658786,Low
15467,0.6638407903398508,High
15469,0.7161414577421144,High
15472,0.7339260830637852,High
15480,0.8101214080873079,High
15482,0.10847663345683914,Low
15483,0.7189641466102445,High
15489,0.34133531558806635,Low
15491,0.2636107391195699,Low
15493,0.33744405060346466,Low
15494,0.5495436072131629,Med
15498,0.03251932104202246,Low
15502,0.28117299914473676,Low
15505,0.22981514928415028,Low
15506,0.258593116638434,Low
15507,0.741330165097158,High
15508,0.22636789299655619,Low
15512,0.7338569851499074,High
15513,0.050940892875586403,Low
15518,0.1805239448346679,Low
15521,0.208500753828292,Low
15527,0.2226853260384776,Low
15529,0.046635580639208425,Low
15530,0.24998049185771004,Low
15532,0.13291356845678454,Low
15535,0.7400856567327712,High
15537,0.6896205926771535,High
15541,0.6777384338102987,High
15544,0.1375664740680116,Low
15547,0.05507668962590142,Low
15549,0.4353780750438926,Med
15550,0.6229201745113997,Med
15552,0.7440501542954673,High
15555,0.04107728779839114,Low
15561,0.6692447569135112,High
15563,0.4153445015041244,Med
15569,0.31969957874444926,Low
15570,0.0901446995772653,Low
15572,0.37424369041075933,Med
15574,0.7376179386527165,High
15577,0.7710285085314048,High
15578,0.6966364277655358,High
15581,0.069318138218611,Low
15582,0.8106863142215089,High
15584,0.7280972521419916,High
15585,0.7761348898824018,High
15587,0.7531453090496042,High
15596,0.3821629657521854,Med
15599,0.8017376970080732,High
15601,0.07166639190810697,Low
15602,0.37985375217661965,Med
15606,0.17898758074175333,Low
15608,0.3460154388627836,Low
15609,0.766851706383841,High
15611,0.2175635668854182,Low
15615,0.05075507060050696,Low
15618,0.6527943220342853,High
15620,0.4980558380854678,Med
15622,0.07624838677752008,Low
15623,0.7517035502994209,High
15624,0.6300584218561801,Med
15625,0.22961201057121047,Low
15628,0.16828936643991846,Low
15630,0.32752195207136364,Low
15632,0.2313912365683442,Low
15639,0.7104708867600306,High
15640,0.05323439210954721,Low
15641,0.34600459958239616,Low
15643,0.6895142567964744,High
15644,0.7090201689437297,High
15646,0.6856312987384168,High
15648,0.7589817350385395,High
15653,0.6925906149863855,High
15656,0.6204742980278566,Med
15658,0.3012438588764492,Low
15660,0.1590418208330705,Low
15663,0.7735138891873768,High
15665,0.36744981862679693,Med
15668,0.7941072471401577,High
15669,0.6147415661114065,Med
15671,0.25693994025695427,Low
15673,0.2640152492913394,Low
15674,0.4476442949193414,Med
15675,0.7555916646279245,High
15679,0.7181690333304329,High
15681,0.3041682081118609,Low
15683,0.7264874981001318,High
15687,0.2814865115330118,Low
15689,0.7343325580297291,High
15694,0.05669619004029488,Low
15696,0.34415350910289333,Low
15700,0.6455650383511312,Med
15701,0.26038499827139344,Low
15704,0.25353470277902823,Low
15705,0.7855116605973124,High
15706,0.16968924601636207,Low
15708,0.18652140661318523,Low
15712,0.19808863420455436,Low
15713,0.7339786783051432,High
15716,0.25618485083220494,Low
15719,0.062385615528595305,Low
15722,0.17086823599028714,Low
15724,0.7714842909385278,High
15727,0.08260451446468475,Low
15729,0.7447307066185784,High
15730,0.362648273340477,Med
15732,0.8001174732299339,High
15734,0.21033273285880152,Low
15737,0.2286468191100958,Low
15738,0.061239340530912706,Low
15743,0.6222446667242315,Med
15746,0.750412144535642,High
15747,0.2667998007606998,Low
15750,0.3299662962432041,Low
15752,0.2433419342769798,Low
15755,0.3353188817097759,Low
15756,0.6294668609840196,Med
15757,0.776546297284697,High
15759,0.7410920263239975,High
15764,0.28577328374280403,Low
15768,0.5543945142742914,Med
15769,0.21923531962893683,Low
15776,0.7434716090983884,High
15780,0.7539825480526158,High
15781,0.7073941557498135,High
15785,0.19847051557167825,Low
15786,0.30921606014087594,Low
15791,0.4492334004353315,Med
15795,0.8098558636313479,High
15796,0.1432037485585194,Low
15797,0.2788297501931622,Low
15799,0.7691717809483465,High
15800,0.6150661150235625,Med
15801,0.3179398740255221,Low
15804,0.05435962474282558,Low
15805,0.058909664126046334,Low
15806,0.7274060619643132,High
15809,0.710995345379282,High
15810,0.2934583709343421,Low
15811,0.14819683280672488,Low
15812,0.25048907134816795,Low
15813,0.41656973396159647,Med
15815,0.27397148261059384,Low
15819,0.22469596418067744,Low
15825,0.7903359604068709,High
15826,0.3861387012638258,Med
15827,0.14665921859508171,Low
15829,0.7322760515590332,High
15831,0.7721772744323305,High
15834,0.23511097851190416,Low
15835,0.35528905771807173,Med
15838,0.20610636261520426,Low
15839,0.24970227728715846,Low
15840,0.7383708689163311,High
15841,0.38302566723765885,Med
15845,0.06747053849526785,Low
15850,0.7514067833843998,High
15852,0.7373169220195341,High
15854,0.17602508207116466,Low
15855,0.6566918526108226,High
15856,0.040612618757381,Low
15860,0.2680673056269713,Low
15861,0.3299232052611214,Low
15862,0.6063119968749973,Med
15863,0.7960351134057074,High
15864,0.3268621408045582,Low
15865,0.8298946126520155,High
15866,0.7049410342003816,High
15867,0.06463945262560168,Low
15874,0.06263655104196124,Low
15882,0.7345094963489193,High
15889,0.6949205491515478,High
15895,0.7140151248453238,High
15897,0.7541400268184086,High
15901,0.7463253636858636,High
15906,0.14354313478716807,Low
15907,0.2754605562822568,Low
15909,0.7937372602445466,High
15910,0.3748223501797128,Med
15912,0.7204044528235415,High
15916,0.34625516808440643,Low
15918,0.7522703133332032,High
15920,0.6558465030155103,High
15921,0.6874958606513423,High
15925,0.8293330832972704,High
15932,0.23294386482180468,Low
15938,0.5985494858408962,Med
15939,0.05318566432278371,Low
15942,0.720619940106359,High
15950,0.4413645195174044,Med
15952,0.742520323960097,High
15953,0.3172482106027805,Low
15955,0.050185721770199344,Low
15969,0.7370117724749732,High
15971,0.057120191929578366,Low
15974,0.2891215106869064,Low
15976,0.6726219533417428,High
15981,0.3155219103649406,Low
15984,0.2273926065186223,Low
15985,0.3036045980417652,Low
15987,0.27897603084859435,Low
15996,0.19542437391527656,Low
15998,0.360453788090264,Med
16003,0.27262426136277657,Low
16005,0.7237387238845349,High
16006,0.8283663445229981,High
16007,0.25526944847625754,Low
16008,0.7789378344244605,High
16009,0.30386315649053164,Low
16011,0.23073261594326733,Low
16012,0.21229175717830961,Low
16013,0.048286338764125844,Low
16014,0.687047161871266,High
16016,0.4149557336519619,Med
16018,0.7543004846476765,High
16019,0.0925571379014505,Low
16023,0.7702939727241158,High
16027,0.7054739452243279,High
16029,0.09329660176672257,Low
16033,0.032047501489856314,Low
16034,0.7109630416764097,High
16038,0.699760390260927,High
16040,0.367941720678565,Med
16041,0.26359692499756004,Low
16042,0.3347046223550048,Low
16043,0.7951811397142398,High
16045,0.23461434737336528,Low
16050,0.6980606804971573,High
16053,0.4806443295142983,Med
16054,0.6841726813154235,High
16055,0.7764655308753566,High
16057,0.3654280758258505,Med
16059,0.3396172984171839,Low
16062,0.3867539284251247,Med
16066,0.2784547571758212,Low
16076,0.19960267216694286,Low
16081,0.3675713637337576,Med
16086,0.28353785402206594,Low
16091,0.653016028615283,High
16092,0.5840359455691098,Med
16093,0.721602308403729,High
16094,0.3381547298576938,Low
16098,0.20992682806361834,Low
16099,0.7937318477538334,High
16102,0.3952044666848661,Med
16103,0.22823914320614194,Low
16107,0.21365010008856924,Low
16109,0.8304952778695444,High
16112,0.7093581768820206,High
16113,0.7228446303086044,High
16114,0.7822775602923675,High
16115,0.2343538082342164,Low
16116,0.754911800121063,High
16117,0.7806317674939508,High
16121,0.7836118787074453,High
16122,0.7887843297231097,High
16126,0.09781941950539523,Low
16128,0.31956386054634434,Low
16131,0.26133877038630177,Low
16133,0.05440873968064781,Low
16139,0.617260390924081,Med
16143,0.24089533020134693,Low
16145,0.04649430989082401,Low
16146,0.6774268845283051,High
16147,0.722403701755243,High
16149,0.7161145825995312,High
16150,0.2563649106906996,Low
16153,0.23882539351627166,Low
16156,0.22805851518116874,Low
16161,0.04809394722866621,Low
16168,0.03899868586727153,Low
16170,0.18294706932340665,Low
16172,0.25420945584396243,Low
16174,0.2342386649442283,Low
16175,0.21458637562481128,Low
16178,0.7353653630953747,High
16180,0.09747260595385902,Low
16182,0.12805632088877264,Low
16184,0.21738449729743253,Low
16186,0.04889296166243426,Low
16187,0.050052478675521976,Low
16188,0.3007537378988399,Low
16200,0.35313680349900345,Med
16201,0.26837345271606966,Low
16203,0.74826052343568,High
16205,0.743298238299247,High
16206,0.6607307230808408,High
16209,0.19899203788265013,Low
16210,0.07379807805661578,Low
16214,0.3215516454713001,Low
16218,0.2247318833627956,Low
16224,0.25440149854061833,Low
16225,0.30123245793523856,Low
16226,0.7902767494692793,High
16229,0.28665698595695743,Low
16230,0.7291857103638513,High
16232,0.2974190620571271,Low
16235,0.759309760146783,High
16239,0.7117809987455394,High
16241,0.15928823660689367,Low
16242,0.1901138235041341,Low
16244,0.46499841395078384,Med
16245,0.34565009364782584,Low
16247,0.7721576560301128,High
16249,0.1799383956418801,Low
16255,0.2784022477365078,Low
16257,0.6936142509451498,High
16258,0.07252223635116814,Low
16261,0.6390903345384653,Med
16265,0.04618787483332369,Low
16266,0.635310597626878,Med
16271,0.23977861083539126,Low
16272,0.7089399809790997,High
16275,0.7349490818648232,High
16276,0.796844879244982,High
16279,0.3759350047904826,Med
16283,0.22920004941768912,Low
16287,0.77840106319758,High
16292,0.7203657845787923,High
16293,0.3295340486327933,Low
16298,0.7562252628103656,High
16302,0.760136114409638,High
16303,0.3835192826060295,Med
16305,0.7589204543809029,High
16306,0.7842114584754367,High
16308,0.6221223550341684,Med
16309,0.7076843964757937,High
16316,0.24913655485797437,Low
16317,0.29671663379256463,Low
16319,0.7124511796146059,High
16320,0.38597908613144094,Med
16323,0.7644575762145194,High
16324,0.6203757994842442,Med
16325,0.7455038960304379,High
16326,0.17977602224565659,Low
16327,0.17403007044528399,Low
16330,0.6710772229669785,High
16332,0.24180488248622692,Low
16333,0.1354589283503913,Low
16338,0.6428014132126484,Med
16340,0.6798591579762263,High
16341,0.5364955393013211,Med
16342,0.5992452110088492,Med
16344,0.7387426332696797,High
16348,0.13674772446557698,Low
16353,0.11267708646234799,Low
16356,0.7417629510912307,High
16357,0.64205617383511,Med
16358,0.3975372063192061,Med
16359,0.28179501637343507,Low
16364,0.7303526079165631,High
16365,0.27819881178422506,Low
16369,0.4065486555460807,Med
16370,0.2511536886628698,Low
16385,0.7285289529113744,High
16389,0.4421210734827231,Med
16393,0.2313798170198286,Low
16394,0.41602249340324005,Med
16395,0.4939324411033238,Med
16398,0.2358736504847091,Low
16401,0.06134467831477297,Low
16407,0.18929295297775028,Low
16409,0.2724144270366147,Low
16419,0.2866424355185891,Low
16422,0.048422407470139366,Low
16424,0.7933125978994137,High
16429,0.7016748024138942,High
16431,0.8053383622438393,High
16434,0.34347499412678767,Low
16440,0.28988904192171,Low
16444,0.7312305235632371,High
16446,0.09812127824499652,Low
16447,0.7070916828924791,High
16448,0.8189353397657355,High
16449,0.7352436188700747,High
16450,0.7462909631200413,High
16455,0.4409141146628951,Med
16456,0.2366481520208927,Low
16457,0.806462868641499,High
16458,0.18768591427021455,Low
16461,0.6832946031692805,High
16462,0.7288040646085902,High
16463,0.32794968628670723,Low
16464,0.21836395368987255,Low
16466,0.226548131361419,Low
16470,0.6477305973538954,Med
16473,0.7556037244585044,High
16474,0.22787852265197384,Low
16475,0.7117026483766268,High
16477,0.2663023329477195,Low
16483,0.728107638852555,High
16484,0.6755674876336341,High
16488,0.6478692248294124,Med
16493,0.2507127516070834,Low
16496,0.3911517741041201,Med
16497,0.39261222538554746,Med
16498,0.7087163645045971,High
16503,0.15449624918950766,Low
16511,0.25967369769708204,Low
16515,0.3456662866444063,Low
16520,0.3499710117252595,Low
16523,0.05428170217013167,Low
16525,0.031915515200380315,Low
16526,0.7217923690843049,High
16529,0.7978101080324538,High
16531,0.344936062222939,Low
16532,0.13626012732358483,Low
16536,0.7254383884945527,High
16539,0.5003806721172678,Med
16545,0.7269683252544177,High
16549,0.10791401127913876,Low
16550,0.22176213920242585,Low
16551,0.7724607552954675,High
16553,0.07939020337931779,Low
16554,0.7455478327732317,High
16555,0.7064053500565531,High
16556,0.19851543505742705,Low
16557,0.6930908546040206,High
16558,0.06169899986672423,Low
16566,0.7193645790132369,High
16567,0.767496859474667,High
16570,0.05459498143201621,Low
16571,0.39034796678140277,Med
16572,0.19165573205238792,Low
16581,0.7055629550072751,High
16582,0.7517467266265979,High
16589,0.6726788759996847,High
16592,0.06765853805350851,Low
16593,0.8102698641886406,High
16607,0.20521059613390485,Low
16609,0.059097080031723245,Low
16610,0.7662954234066712,High
16611,0.7726131826586378,High
16612,0.21027740664466799,Low
16614,0.7754258775166422,High
16616,0.7077984426228697,High
16618,0.3206441455463279,Low
16621,0.6124352169941701,Med
16624,0.7443505418810026,High
16626,0.04342445427123979,Low
16628,0.2529869310176795,Low
16633,0.29225800193594287,Low
16634,0.7654760127071273,High
16637,0.2571551695694164,Low
16638,0.2762493171405594,Low
16639,0.2836614723526778,Low
16641,0.7581609887081969,High
16642,0.7178287592544258,High
16644,0.7784086784420636,High
16647,0.7239118391314793,High
16652,0.13733843051998232,Low
16654,0.6563561874249787,High
16655,0.048922680127243386,Low
16656,0.11457851267350938,Low
16657,0.679945099043211,High
16659,0.7637052611689849,High
16660,0.339424452781946,Low
16668,0.5195673947912292,Med
16670,0.06048281344261549,Low
16671,0.41188008367983514,Med
16672,0.03685807265647254,Low
16676,0.396924820088218,Med
16678,0.19619737880327018,Low
16681,0.2688607484199182,Low
16682,0.30809581597563596,Low
16684,0.04941249334693127,Low
16686,0.15971108247926277,Low
16690,0.7663790418318519,High
16696,0.6911545277489789,High
16700,0.0609976181561419,Low
16701,0.05239947653785306,Low
16705,0.06427195247170954,Low
16706,0.7521380618645027,High
16709,0.3371348548494685,Low
16710,0.22914062733632298,Low
16711,0.32423214723147575,Low
16712,0.23165756743926996,Low
16713,0.08546761137531729,Low
16717,0.0742912893212515,Low
16719,0.3146581432984198,Low
16722,0.05325355076857444,Low
16723,0.7021752674940014,High
16726,0.3822218701379632,Med
16728,0.32493286212835815,Low
16729,0.05174038388075278,Low
16734,0.7311643769553553,High
16739,0.6524712351091833,High
16743,0.2734052128314707,Low
16744,0.23729635328955911,Low
16745,0.04298515649204027,Low
16746,0.037303309105018966,Low
16748,0.41321384395604044,Med
16750,0.6392115731478397,Med
16755,0.29960255166013067,Low
16756,0.7637724849674078,High
16762,0.2581225191132324,Low
16763,0.8012912514754597,High
16764,0.20011433710596538,Low
16767,0.07409103069820303,Low
16768,0.6728286304813391,High
16774,0.6262582591675251,Med
16775,0.21517345248977762,Low
16779,0.06693822558540698,Low
16782,0.21032208554496368,Low
16788,0.7003137701665997,High
16791,0.1994219664621219,Low
16794,0.1727431474189683,Low
16801,0.3471402025653435,Low
16805,0.7362560792748754,High
16806,0.6205308322125368,Med
16807,0.2694029719492751,Low
16809,0.6801370063740345,High
16810,0.7779095463085223,High
16813,0.16086995500753778,Low
16814,0.06749568269143277,Low
16816,0.606582081294371,Med
16817,0.38541036703198084,Med
16818,0.1384361951480416,Low
16824,0.7553488038461983,High
16825,0.8338205540359994,High
16828,0.682963383599557,High
16829,0.6952677011149044,High
16832,0.7240767489839252,High
16835,0.6823733902093718,High
16836,0.7829426651731295,High
16837,0.22604863260767732,Low
16838,0.777288384137463,High
16839,0.035519383527081456,Low
16841,0.23201137503083988,Low
16842,0.2723174181281652,Low
16843,0.0457398076826684,Low
16849,0.6988565712706231,High
16852,0.749060210635155,High
16859,0.6155796363587951,Med
16861,0.7103462368009901,High
16866,0.6638204852010658,High
16869,0.6636026076482339,High
16871,0.4022321641818248,Med
16872,0.7052067807995137,High
16873,0.0793024855961455,Low
16875,0.278092883119744,Low
16877,0.6313037717357288,Med
16880,0.278368603111954,Low
16883,0.7651272405209644,High
16889,0.29759209404859677,Low
16891,0.660980032770368,High
16892,0.7417712137142427,High
16898,0.7166693743679601,High
16899,0.25704273548372947,Low
16902,0.37903188273665894,Med
16904,0.06084873356833731,Low
16906,0.7839982902835064,High
16907,0.22703402939795156,Low
16912,0.20467799712578574,Low
16915,0.681253986532919,High
16918,0.22716750270403932,Low
16919,0.20845279922246723,Low
16923,0.041812191547257994,Low
16927,0.7979576321099648,High
16928,0.15655724642537017,Low
16929,0.2869239024526359,Low
16931,0.020003793122387818,Low
16938,0.35648978668739106,Med
16940,0.37405517664559584,Med
16942,0.20777257525474543,Low
16943,0.7383592837026693,High
16945,0.04986158643973931,Low
16948,0.8951003594785917,High
16949,0.27393913206982456,Low
16950,0.3079411691302866,Low
16951,0.24998541699934448,Low
16952,0.676268708377983,High
16954,0.2977482697363542,Low
16955,0.7379529592964161,High
16961,0.6879230479157002,High
16963,0.7319036995323731,High
16966,0.3168498396971659,Low
16967,0.7623134164638024,High
16968,0.6869431874648648,High
16969,0.63886738705718,Med
16979,0.32608093040076,Low
16983,0.3657862556993143,Med
16984,0.0866445779613972,Low
16985,0.06297817508619293,Low
16987,0.26819171379327417,Low
16989,0.4643411945358268,Med
16990,0.7861891239700509,High
16992,0.3104776549826692,Low
16996,0.23654255336479788,Low
16998,0.722306592227257,High
17001,0.07031862551742646,Low
17002,0.37705860511968514,Med
17007,0.7487378883148542,High
17015,0.37932716215625206,Med
17017,0.071170942859799,Low
17024,0.7882508373802111,High
17026,0.7633760618151065,High
17027,0.7566769046394327,High
17029,0.7048867691054564,High
17031,0.7274254239096641,High
17033,0.3862213600548845,Med
17040,0.6985889912891564,High
17041,0.41134650735853845,Med
17042,0.3392313376415139,Low
17043,0.43326286935916825,Med
17045,0.6239081496322262,Med
17046,0.7581740726304179,High
17047,0.38881393197377523,Med
17048,0.6642605642403288,High
17049,0.05259232026805208,Low
17050,0.27619350396381587,Low
17051,0.7316875212160978,High
17053,0.7011331673687976,High
17054,0.24717989588035233,Low
17058,0.34777760174632255,Low
17059,0.15409439657957313,Low
17061,0.08085436608649336,Low
17063,0.24489709122359019,Low
17064,0.7037739865975021,High
17068,0.03863081193579302,Low
17069,0.20553073764934468,Low
17070,0.7032295202712493,High
17071,0.2477194130757561,Low
17073,0.2993012646099435,Low
17083,0.3540395379993367,Med
17085,0.3495922461741646,Low
17088,0.2959644788879961,Low
17091,0.11572615758874132,Low
17092,0.314845846623826,Low
17096,0.2215417092082638,Low
17097,0.20872795772447067,Low
17101,0.40428748326213304,Med
17105,0.7194523132354856,High
17107,0.10383074045895041,Low
17110,0.7097442503186419,High
17114,0.6004346547528104,Med
17115,0.6891546334914139,High
17122,0.7354382926368922,High
17123,0.7935413391859854,High
17124,0.7604390153198738,High
17126,0.23558147223765935,Low
17133,0.21759573686626377,Low
17134,0.6653676898614526,High
17139,0.06404652998989055,Low
17146,0.7587242355774046,High
17147,0.4921105922110357,Med
17152,0.2629307769835267,Low
17155,0.7398995453833015,High
17157,0.6340639892528397,Med
17159,0.3090197966651413,Low
17160,0.22439506597559386,Low
17162,0.23620529787487587,Low
17164,0.15925383485761374,Low
17166,0.656323420819924,High
17169,0.733987932571123,High
17173,0.11620189958731095,Low
17174,0.7699153970903755,High
17175,0.2207753336188163,Low
17176,0.7600428185741415,High
17179,0.7129639975646224,High
17183,0.22664475124349687,Low
17188,0.23650362975471773,Low
17189,0.7077376974703349,High
17190,0.7617848805024517,High
17191,0.3942273348974563,Med
17193,0.2904961636666369,Low
17204,0.3311851306022984,Low
17211,0.3236692248383371,Low
17213,0.37591970541898334,Med
17218,0.30635865025473064,Low
17220,0.14033582001486028,Low
17227,0.7521817320099565,High
17228,0.41723365216572317,Med
17229,0.7122063033213728,High
17231,0.16976859187640056,Low
17234,0.7263995981860158,High
17236,0.7217395008252686,High
17238,0.03305567267592586,Low
17242,0.21671145924922616,Low
17243,0.043087814916972556,Low
17245,0.8175868264343399,High
17248,0.7101534737852738,High
17252,0.5293970095126033,Med
17256,0.7157885410872926,High
17259,0.7343446796692202,High
17263,0.7919587883219382,High
17265,0.5920801635645382,Med
17266,0.6613588100029462,High
17267,0.7357721775070283,High
17268,0.7272985002366116,High
17272,0.27654715607201386,Low
17282,0.3072906473823681,Low
17284,0.14304519485006373,Low
17287,0.24368346781079778,Low
17288,0.420390585393886,Med
17289,0.37789002412403216,Med
17293,0.2617581322178974,Low
17298,0.6904167875580505,High
17299,0.7733819805858115,High
17302,0.22211740151052647,Low
17306,0.08479589349497366,Low
17312,0.5851682549869575,Med
17314,0.28764335599727275,Low
17315,0.03726169570344979,Low
17323,0.5393747372433383,Med
17331,0.684546634855388,High
17337,0.24543320453722828,Low
17338,0.047020977597332876,Low
17340,0.06640294732953264,Low
17341,0.7263942634879366,High
17345,0.7694595093270963,High
17346,0.20166231113553937,Low
17349,0.754035824163837,High
17351,0.8053996599400874,High
17353,0.36734047550375704,Med
17360,0.7197850469588872,High
17361,0.7612144747001099,High
17364,0.07810191968608216,Low
17365,0.07554324540469083,Low
17368,0.2428643638932129,Low
17370,0.762364959807361,High
17372,0.3239692405093471,Low
17373,0.7309064603779533,High
17374,0.8157461944665226,High
17375,0.6950087223897313,High
17377,0.057711824405051265,Low
17381,0.09852680647439835,Low
17384,0.7834563272817276,High
17386,0.19830121775746687,Low
17388,0.18931633848170362,Low
17389,0.03136915200816431,Low
17391,0.7527879513186874,High
17394,0.7874561648976325,High
17396,0.04452412701780472,Low
17398,0.5941604778964478,Med
17400,0.23038127155750027,Low
17402,0.3298680421933532,Low
17404,0.14414973927191127,Low
17405,0.3499519744962039,Low
17408,0.7455166229930048,High
17409,0.754842033810481,High
17410,0.25887947117630783,Low
17412,0.2889683472765268,Low
17414,0.9130430577106324,High
17416,0.07926290755499517,Low
17419,0.09703255131452201,Low
17420,0.7373116912815145,High
17422,0.20965389255692463,Low
17423,0.8328322451734966,High
17426,0.12585242453605774,Low
17428,0.057641782714667,Low
17429,0.6060044352005378,Med
17440,0.7140844186421665,High
17442,0.1796321063237031,Low
17443,0.88687551253203,High
17444,0.4472345469046599,Med
17446,0.6632265263829978,High
17450,0.45961297260727635,Med
17451,0.29711535117067206,Low
17454,0.7436596952058875,High
17455,0.7673116265695704,High
17457,0.2522486713167854,Low
17463,0.2728380602187033,Low
17464,0.753611822903595,High
17469,0.22247834609559083,Low
17470,0.2186239382481458,Low
17472,0.8081487543390714,High
17483,0.5982943631052422,Med
17489,0.7964255812323325,High
17490,0.20092642809333605,Low
17491,0.23887582198971052,Low
17501,0.7702174455621444,High
17504,0.29562156547754775,Low
17505,0.3373065472361977,Low
17511,0.19473673873839675,Low
17512,0.18291436893880125,Low
17514,0.7212052264380127,High
17515,0.7897223181644143,High
17516,0.5998776903192472,Med
17519,0.258687904422934,Low
17521,0.7279449054635829,High
17522,0.2865974619029274,Low
17527,0.6266240451117828,Med
17530,0.3106365660760153,Low
17531,0.7135473783290834,High
17536,0.7532826566546316,High
17550,0.7454783511884255,High
17553,0.593124346810965,Med
17554,0.27598731421803985,Low
17556,0.7836276407563122,High
17560,0.6724038697710032,High
17562,0.13892724874812798,Low
17567,0.1594717863677758,Low
17571,0.3554762905779134,Med
17576,0.15908286379061817,Low
17578,0.774485512678278,High
17579,0.6361550609016878,Med
17581,0.048141112070178585,Low
17584,0.23863558406912938,Low
17585,0.1830668592453162,Low
17588,0.333746545867977,Low
17589,0.29187697290707093,Low
17591,0.1856572597588852,Low
17593,0.09136310606970025,Low
17596,0.28218507832767425,Low
17597,0.5366340105937003,Med
17602,0.07000398156894015,Low
17604,0.7797191257309521,High
17611,0.0601320791752107,Low
17612,0.21282914265060088,Low
17613,0.06683382382869762,Low
17615,0.5882019860151563,Med
17616,0.7497323161704406,High
17624,0.8232866368158417,High
17625,0.31061020949544416,Low
17629,0.2069968025487361,Low
17630,0.782258923396499,High
17631,0.7479431346735489,High
17633,0.2902096643780975,Low
17634,0.20951633804208245,Low
17637,0.7399883638035296,High
17642,0.7300741056460588,High
17644,0.18470050113759734,Low
17646,0.32262786303516916,Low
17648,0.2968954204136522,Low
17649,0.5982242250780926,Med
17651,0.0603308405758134,Low
17652,0.040239899870373526,Low
17653,0.2806726535207014,Low
17655,0.2418180648352723,Low
17656,0.1835983546174322,Low
17658,0.8332501046711898,High
17659,0.22889641838593075,Low
17660,0.685757762416215,High
17663,0.24889816038436627,Low
17664,0.8018811515588145,High
17667,0.22195907891128805,Low
17669,0.2364220075241993,Low
17671,0.25172079107839046,Low
17673,0.30331886335560243,Low
17675,0.03423907203081164,Low
17676,0.23024840857494178,Low
17677,0.05904440546272999,Low
17682,0.22232309958928578,Low
17686,0.06014331044501809,Low
17690,0.06897505675107149,Low
17692,0.7099256250563319,High
17693,0.7501445064355526,High
17694,0.7640111335221896,High
17695,0.6972572094442608,High
17696,0.17509987873309435,Low
17700,0.30678800499453174,Low
17702,0.3194753432146555,Low
17703,0.6758727686800329,High
17704,0.7441354150421747,High
17705,0.17373406319481616,Low
17706,0.022940204186410473,Low
17707,0.7975761352091317,High
17708,0.7625301487821002,High
17709,0.7569372662546959,High
17715,0.820548554093388,High
17716,0.10193743293482473,Low
17719,0.03833316822695397,Low
17720,0.32897767004783096,Low
17722,0.28618550389097164,Low
17723,0.1897769224031294,Low
17724,0.2513510955177883,Low
17725,0.2366413198409906,Low
17730,0.06642150463418668,Low
17731,0.21334692730093638,Low
17734,0.6874572176137783,High
17735,0.04794695669538486,Low
17736,0.7226305752365398,High
17738,0.20947163745240754,Low
17739,0.4121249799127065,Med
17742,0.701667083706423,High
17747,0.6707888367563327,High
17749,0.7535913501065467,High
17750,0.23377143167223574,Low
17754,0.3197603115922763,Low
17757,0.048026580200486654,Low
17758,0.2315719409605506,Low
17759,0.7136207135299363,High
17764,0.7850320257804455,High
17765,0.6246074002423171,Med
17768,0.3313311358200729,Low
17769,0.07545536006758863,Low
17770,0.30022455724874003,Low
17774,0.29419425053952586,Low
17779,0.7178580509200198,High
17781,0.7556417686801,High
17787,0.28614196234787964,Low
17788,0.28667499648662725,Low
17790,0.21026245444152056,Low
17795,0.7756180267908502,High
17797,0.7433369187170605,High
17799,0.2464592792987334,Low
17800,0.25274564917236836,Low
17802,0.2916856414229957,Low
17809,0.05633504994887427,Low
17811,0.04797813332923332,Low
17819,0.08788900428392346,Low
17828,0.21242661065938234,Low
17837,0.27638117216457536,Low
17841,0.0005058065016876329,Low
17844,0.7519812570085228,High
17848,0.6605969165845335,High
17849,0.7622065318233917,High
17854,0.783344328746657,High
17857,0.12240186674641136,Low
17858,0.11663192770379088,Low
17861,0.17185490945002938,Low
17863,0.45527180331153055,Med
17865,0.08683995883305745,Low
17866,0.7631668135228613,High
17867,0.23684572678426105,Low
17869,0.5291686606254798,Med
17870,0.16295288950209116,Low
17871,0.7692665186694231,High
17873,0.33043554276854037,Low
17874,0.7383303619162013,High
17877,0.7517798742693851,High
17879,0.7572347182662188,High
17886,0.7752579629151618,High
17887,0.7237925977866001,High
17888,0.6954395288166751,High
17889,0.7739563625274947,High
17891,0.7574776451195492,High
17892,0.708263955595558,High
17897,0.7299171942968208,High
17898,0.8017897108369871,High
17899,0.7219485436355806,High
17900,0.7143288662465131,High
17905,0.740044236640307,High
17920,0.037084523489662964,Low
17921,0.6974243749279139,High
17926,0.5937608219635355,Med
17929,0.7053492588673608,High
17930,0.37896128720577077,Med
17931,0.7020052560505632,High
17932,0.24071742419158748,Low
17935,0.6847062601289244,High
17937,0.11022091043892267,Low
17939,0.6353059750033387,Med
17940,0.09400739932460714,Low
17941,0.6906324508563024,High
17948,0.6836056710011189,High
17949,0.0008478817289606596,Low
17954,0.19577484343361537,Low
17955,0.7112446569259326,High
17958,0.774798401120476,High
17960,0.747160202542961,High
17961,0.10748669765309606,Low
17962,0.6926992323446081,High
17965,0.18438958335207445,Low
17966,0.301040227873211,Low
17969,0.7486082270371611,High
17970,0.8058868316930402,High
17974,0.7076912006006773,High
17975,0.04075544031745147,Low
17979,0.7663656816483538,High
17980,0.7153664857354063,High
17984,0.7060472926115167,High
17987,0.75396803766045,High
17988,0.6292251763227438,Med
17994,0.5951260074950868,Med
17997,0.24448082528711215,Low
18008,0.37488148119022857,Med
18013,0.8066096619878779,High
18016,0.29726280552326995,Low
18017,0.754786322017617,High
18018,0.5425305913536804,Med
18024,0.6766820864868345,High
18036,0.6702878595520796,High
18037,0.705282048942953,High
18041,0.0549105695725428,Low
18043,0.7854885054535894,High
18044,0.3242061092473183,Low
18048,0.7859459003323386,High
18055,0.08497549878724521,Low
18061,0.23228523666124115,Low
18062,0.6687769122888835,High
18064,0.7170444878917643,High
18065,0.2591345637791594,Low
18069,0.28899184417217333,Low
18072,0.7500466421131784,High
18073,0.06486183250543683,Low
18075,0.28792317058825334,Low
18077,0.18403455056209644,Low
18078,0.7914930902951526,High
18079,0.20224973556912462,Low
18081,0.6284417864716645,Med
18092,0.10236593327433625,Low
18093,0.4739741034623859,Med
18094,0.3023647658025537,Low
18097,0.3162085084242505,Low
18099,0.7417367151683336,High
18101,0.7401777872197308,High
18102,4.4047649439714605e-05,Low
18109,0.05187240299974828,Low
18112,0.6984686033056139,High
18118,0.03416493683407002,Low
18120,0.7819201817651872,High
18121,0.6732823730759628,High
18122,0.3182246095138113,Low
18125,0.34294191930787826,Low
18127,0.7300890558812417,High
18133,0.935304540052563,High
18135,0.7696888489041398,High
18136,0.7659078397488185,High
18142,0.3209796118505716,Low
18143,0.23076908418877748,Low
18144,0.18549971339187768,Low
18145,0.3689511013124429,Med
18146,0.6208125275730138,Med
18147,0.7164893148903101,High
18149,0.8077406012172808,High
18150,0.6106460922406612,Med
18151,0.7298373533471089,High
18155,0.6555604533348106,High
18160,0.8009802018658911,High
18161,0.3394323896429126,Low
18165,0.7634260975344631,High
18167,0.22639964495361115,Low
18168,0.31629912782767766,Low
18170,0.2662986434909106,Low
18171,0.27375941894813394,Low
18172,0.10351268839000932,Low
18173,0.42550237254999135,Med
18177,0.29408847222398316,Low
18178,0.21302086003558626,Low
18180,0.21798604032184146,Low
18190,0.7925832737027545,High
18193,0.7046575097378364,High
18198,0.0439516610330213,Low
18200,0.6990330748347062,High
18202,0.36958652839972667,Med
18203,0.6836464292181674,High
18204,0.2072134455864679,Low
18211,0.6874813385485956,High
18218,0.7841467190906228,High
18219,0.2596683932348629,Low
18221,0.27276738955911445,Low
18223,0.048917339065420284,Low
18225,0.06585667948029537,Low
18226,0.06655060540412171,Low
18227,0.7818120417748914,High
18229,0.06834630740137719,Low
18230,0.40815812081726033,Med
18231,0.34200086964150866,Low
18232,0.7111994082377854,High
18235,0.3007539135903905,Low
18236,0.6702414602161845,High
18237,0.24465862373058633,Low
18239,0.31917814651824394,Low
18241,0.15944892607512226,Low
18242,0.32168081055904224,Low
18245,0.25960437109346957,Low
18248,0.6053830680629522,Med
18252,0.720835609962528,High
18257,0.17422787957753655,Low
18260,0.3175044277555508,Low
18262,0.699178589742933,High
18263,0.382275561388322,Med
18265,0.7640778623275158,High
18268,0.6812908479278629,High
18272,0.26096681442662717,Low
18281,0.7694669929142018,High
18282,0.66380228158407,High
18283,0.2339195331570375,Low
18287,0.3462904433933912,Low
